feature_a,feature_b,abs_spearman_corr
kb_sale_price_manwon,log_kb_sale_price,1.0
households_by_size,log_households_by_size,1.0
households_total,log_households_total,1.0
supply_area_pyeong,supply_area_m2,0.999999762829128
exclusive_area_pyeong,exclusive_area_m2,0.9997545919937528
built_yyyymm,built_year,0.9986568207205467
sale_price_per_exclusive_pyeong,sale_price_per_supply_pyeong,0.98300144793773
built_yyyymm,building_age_years,0.9814266732687782
built_year,building_age_years,0.9802687676253644
supply_area_pyeong,exclusive_area_pyeong,0.9493975938708107
exclusive_area_pyeong,supply_area_m2,0.9493949218542506
supply_area_pyeong,exclusive_area_m2,0.9492708914207996
supply_area_m2,exclusive_area_m2,0.9492685429506678
supply_area_pyeong,contract_area_pyeong,0.9363880083158097
contract_area_pyeong,supply_area_m2,0.9363818108411891
kb_price_gap_manwon,log_kb_sale_price,0.9356239266985188
kb_sale_price_manwon,kb_price_gap_manwon,0.9356239266985188
kb_jeonse_price_manwon,log_kb_sale_price,0.9234647281622511
kb_sale_price_manwon,kb_jeonse_price_manwon,0.9234647281622511
complex_area_rank_pct,complex_price_rank_pct,0.905193484160185
contract_area_pyeong,exclusive_area_m2,0.9041098119659218
exclusive_area_pyeong,contract_area_pyeong,0.9040020343843111
complex_sale_price_premium_pct,complex_price_rank_pct,0.8950073084213107
hospital_doctor_sum_5000m,tertiary_hospital_count_5000m,0.8857941341291723
sale_price_per_exclusive_pyeong,jeonse_price_per_exclusive_pyeong,0.884810998455712
jeonse_price_per_exclusive_pyeong,sale_price_per_supply_pyeong,0.8608085557681487
nearest_station_m,station_count_500m,0.829817469914366
kb_price_gap_manwon,sale_price_per_supply_pyeong,0.8252421623131326
complex_sale_price_premium_pct,complex_area_rank_pct,0.8205958880062585
log_kb_sale_price,gu_price_rank_pct,0.79656187082495
kb_sale_price_manwon,gu_price_rank_pct,0.79656187082495
kb_jeonse_price_manwon,kb_price_gap_manwon,0.7895822994924802
kb_price_gap_manwon,sale_price_per_exclusive_pyeong,0.7871715821731851
log_kb_sale_price,sale_price_per_supply_pyeong,0.7869233700550858
kb_sale_price_manwon,sale_price_per_supply_pyeong,0.7869233700550858
school_count_1000m,middle_school_count_1000m,0.7864408560273117
sale_price_per_exclusive_pyeong,gu_pp_premium_pct,0.764278394703226
school_count_1000m,elementary_school_count_1000m,0.7633288249608811
kb_jeonse_price_manwon,gu_price_rank_pct,0.7524585290005995
school_count_1000m,high_school_count_1000m,0.7493465200423606
kb_sale_price_manwon,sale_price_per_exclusive_pyeong,0.7418170382518603
log_kb_sale_price,sale_price_per_exclusive_pyeong,0.7418170382518603
nearest_school_m,nearest_elementary_school_m,0.741358535598645
kb_price_gap_manwon,gu_price_rank_pct,0.7367678369682354
kb_jeonse_price_manwon,jeonse_price_per_exclusive_pyeong,0.7308951896952461
sale_price_per_supply_pyeong,gu_pp_premium_pct,0.7302777157649466
kb_jeonse_price_manwon,contract_area_pyeong,0.7244725404410326
nearest_tertiary_hospital_m,tertiary_hospital_count_5000m,0.7069509618829929
log_kb_sale_price,jeonse_price_per_exclusive_pyeong,0.6905153230291351
kb_sale_price_manwon,jeonse_price_per_exclusive_pyeong,0.6905153230291351
complex_pp_premium_pct,complex_area_rank_pct,0.6900440611371282
hospital_doctor_sum_3000m,nearest_tertiary_hospital_m,0.6817192911991411
kb_jeonse_price_manwon,supply_area_m2,0.6816751051311505
kb_jeonse_price_manwon,supply_area_pyeong,0.6816744772581804
kb_jeonse_price_manwon,exclusive_area_m2,0.6740724311625069
kb_jeonse_price_manwon,exclusive_area_pyeong,0.6739063447798207
supply_area_pyeong,gu_price_rank_pct,0.6694130210888976
supply_area_m2,gu_price_rank_pct,0.669402131909327
contract_area_pyeong,gu_price_rank_pct,0.6692546853790822
hospital_doctor_sum_5000m,nearest_tertiary_hospital_m,0.6681062023885648
exclusive_area_m2,gu_price_rank_pct,0.6680655804306398
exclusive_area_pyeong,gu_price_rank_pct,0.6679035522587352
size_household_share,log_households_by_size,0.6645833638043958
households_by_size,size_household_share,0.6645833638043958
contract_area_pyeong,log_kb_sale_price,0.6630384229447875
kb_sale_price_manwon,contract_area_pyeong,0.6630384229447875
kb_jeonse_price_manwon,sale_price_per_supply_pyeong,0.6618312739014252
complex_sale_price_premium_pct,complex_pp_premium_pct,0.6544533873671189
exclusive_area_m2,log_kb_sale_price,0.6446000370914533
kb_sale_price_manwon,exclusive_area_m2,0.6446000370914533
exclusive_area_pyeong,log_kb_sale_price,0.644476906959645
kb_sale_price_manwon,exclusive_area_pyeong,0.644476906959645
supply_area_m2,log_kb_sale_price,0.6418267672339055
kb_sale_price_manwon,supply_area_m2,0.6418267672339055
supply_area_pyeong,log_kb_sale_price,0.6418233362104994
kb_sale_price_manwon,supply_area_pyeong,0.6418233362104994
complex_pp_premium_pct,complex_price_rank_pct,0.6409463187049481
jeonse_price_per_exclusive_pyeong,gu_pp_premium_pct,0.6343159572643539
kb_jeonse_price_manwon,sale_price_per_exclusive_pyeong,0.6237575248150423
nearest_high_school_m,high_school_count_1000m,0.6196409672333362
kb_price_gap_manwon,jeonse_price_per_exclusive_pyeong,0.6174936044690721
size_household_share,complex_size_count,0.614926822563475
hospital_count_3000m,hospital_doctor_sum_3000m,0.6066825375641816
households_by_size,log_households_total,0.6007147690725342
households_total,log_households_by_size,0.6007147690725342
households_total,households_by_size,0.6007147690725342
log_households_total,log_households_by_size,0.6007147690725342
floor_area_ratio,building_coverage_ratio,0.5965089342442369
gu_pp_premium_pct,gu_price_rank_pct,0.593445461284414
kb_price_gap_manwon,gu_pp_premium_pct,0.5830904321539759
hospital_doctor_sum_3000m,hospital_doctor_sum_5000m,0.5817066810501265
kb_jeonse_ratio_pct,kb_price_gap_manwon,0.561648885553187
supply_area_m2,complex_sale_price_premium_pct,0.5261817628982136
supply_area_pyeong,complex_sale_price_premium_pct,0.5261696789007273
exclusive_area_pyeong,complex_sale_price_premium_pct,0.5244798006136896
exclusive_area_m2,complex_sale_price_premium_pct,0.5239628941724235
nearest_station_m,station_count_1000m,0.518571865733148
hospital_count_5000m,tertiary_hospital_count_5000m,0.5176474166824538
households_total,gu_pp_premium_pct,0.5170092955062157
log_households_total,gu_pp_premium_pct,0.5170092955062157
sale_price_per_supply_pyeong,gu_price_rank_pct,0.5120482675370674
hospital_doctor_sum_3000m,tertiary_hospital_count_5000m,0.5114257900121755
kb_price_gap_manwon,exclusive_area_m2,0.5063065753944517
kb_price_gap_manwon,exclusive_area_pyeong,0.5062581241907153
kb_sale_price_manwon,gu_pp_premium_pct,0.503221938442884
log_kb_sale_price,gu_pp_premium_pct,0.503221938442884
hospital_count_3000m,hospital_count_5000m,0.5027189787156486
nearest_school_m,nearest_middle_school_m,0.49751293541915087
kb_price_gap_manwon,supply_area_m2,0.49704241462384857
kb_price_gap_manwon,supply_area_pyeong,0.49703739252951307
kb_price_gap_manwon,contract_area_pyeong,0.4967440645289065
households_total,building_coverage_ratio,0.4920744991852308
building_coverage_ratio,log_households_total,0.4920744991852308
station_count_500m,station_count_1000m,0.48942514721411806
station_count_1000m,hospital_doctor_sum_5000m,0.4876207644986918
exclusive_area_pyeong,complex_price_rank_pct,0.48375564024884704
exclusive_area_m2,complex_price_rank_pct,0.4833611749763811
supply_area_m2,complex_price_rank_pct,0.48287994470847856
supply_area_pyeong,complex_price_rank_pct,0.48287007554442646
built_yyyymm,contract_area_pyeong,0.4821382581758389
contract_area_pyeong,built_year,0.48210995294187003
tertiary_hospital_count_5000m,sale_price_per_supply_pyeong,0.4813913496906124
contract_area_pyeong,building_age_years,0.4813391280605841
exclusive_area_pyeong,complex_area_rank_pct,0.4799619392570215
exclusive_area_m2,complex_area_rank_pct,0.4792917236963614
exclusive_area_pyeong,complex_pp_premium_pct,0.47855226026003556
exclusive_area_m2,complex_pp_premium_pct,0.4779134978426296
hospital_count_5000m,nearest_tertiary_hospital_m,0.476008235439427
sale_price_per_exclusive_pyeong,gu_price_rank_pct,0.4733969461077955
supply_area_m2,complex_pp_premium_pct,0.4720362023993239
supply_area_pyeong,complex_pp_premium_pct,0.4720318997911561
nearest_tertiary_hospital_m,jeonse_price_per_exclusive_pyeong,0.4620303339324946
middle_school_count_1000m,high_school_count_1000m,0.4614995540091268
tertiary_hospital_count_5000m,sale_price_per_exclusive_pyeong,0.4597484605271523
supply_area_m2,complex_area_rank_pct,0.45868699706551264
supply_area_pyeong,complex_area_rank_pct,0.4586812307169995
nearest_tertiary_hospital_m,sale_price_per_supply_pyeong,0.4572322278857791
tertiary_hospital_count_5000m,jeonse_price_per_exclusive_pyeong,0.45676388473425855
hospital_doctor_sum_5000m,sale_price_per_supply_pyeong,0.45628858843057146
contract_area_pyeong,complex_sale_price_premium_pct,0.4543607759330562
kb_jeonse_ratio_pct,sale_price_per_supply_pyeong,0.45348783076422267
kb_jeonse_ratio_pct,sale_price_per_exclusive_pyeong,0.45306448970828317
kb_jeonse_ratio_pct,gu_pp_premium_pct,0.44823034143419743
nearest_hospital_m,hospital_count_3000m,0.4426096666580643
nearest_tertiary_hospital_m,sale_price_per_exclusive_pyeong,0.44122337317794214
elementary_school_count_1000m,middle_school_count_1000m,0.43658289024125635
jeonse_price_per_exclusive_pyeong,gu_price_rank_pct,0.43657365698788025
hospital_doctor_sum_5000m,sale_price_per_exclusive_pyeong,0.43483936223387964
hospital_count_5000m,hospital_doctor_sum_5000m,0.43239393682626187
hospital_count_3000m,nearest_tertiary_hospital_m,0.43158637244511167
school_count_1000m,nearest_high_school_m,0.430953504934381
kb_sale_price_manwon,tertiary_hospital_count_5000m,0.4307932231361619
tertiary_hospital_count_5000m,log_kb_sale_price,0.4307932231361619
kb_jeonse_price_manwon,building_age_years,0.4254073680404132
station_count_1000m,tertiary_hospital_count_5000m,0.4197809052644629
hospital_doctor_sum_5000m,jeonse_price_per_exclusive_pyeong,0.4195679832924954
nearest_tertiary_hospital_m,log_kb_sale_price,0.41458489463751275
kb_sale_price_manwon,nearest_tertiary_hospital_m,0.41458489463751275
log_households_total,gu_price_rank_pct,0.4119266350325518
households_total,gu_price_rank_pct,0.4119266350325518
contract_area_pyeong,complex_pp_premium_pct,0.4080286226493601
kb_jeonse_price_manwon,built_year,0.40237881049409024
kb_jeonse_price_manwon,built_yyyymm,0.4021335736659879
kb_price_gap_manwon,tertiary_hospital_count_5000m,0.401160785037934
hospital_doctor_sum_5000m,log_kb_sale_price,0.4002070325364724
kb_sale_price_manwon,hospital_doctor_sum_5000m,0.4002070325364724
kb_jeonse_ratio_pct,building_coverage_ratio,0.3958336820073449
contract_area_pyeong,complex_price_rank_pct,0.3957185012258063
kb_jeonse_price_manwon,gu_pp_premium_pct,0.3945311977871814
lon,hospital_doctor_sum_5000m,0.39391035345324277
building_coverage_ratio,log_households_by_size,0.39356712001804456
households_by_size,building_coverage_ratio,0.39356712001804456
station_count_1000m,hospital_doctor_sum_3000m,0.39356286942833413
kb_jeonse_price_manwon,tertiary_hospital_count_5000m,0.38780562519773415
kb_jeonse_price_manwon,nearest_tertiary_hospital_m,0.38439430057497626
kb_price_gap_manwon,hospital_doctor_sum_5000m,0.38276739203913185
building_age_years,jeonse_price_per_exclusive_pyeong,0.3819393302080893
kb_price_gap_manwon,nearest_tertiary_hospital_m,0.3765577617842428
contract_area_pyeong,complex_area_rank_pct,0.37520055575392053
households_by_size,gu_pp_premium_pct,0.37499920125401504
log_households_by_size,gu_pp_premium_pct,0.37499920125401504
station_count_1000m,nearest_tertiary_hospital_m,0.3645320975200878
households_total,sale_price_per_exclusive_pyeong,0.36334105801768685
log_households_total,sale_price_per_exclusive_pyeong,0.36334105801768685
built_year,jeonse_price_per_exclusive_pyeong,0.35702671901119193
built_yyyymm,jeonse_price_per_exclusive_pyeong,0.35572392629084104
station_count_1000m,sale_price_per_supply_pyeong,0.35061732556965497
kb_jeonse_price_manwon,hospital_doctor_sum_5000m,0.3497836170120965
kb_price_gap_manwon,households_total,0.34966052790532687
kb_price_gap_manwon,log_households_total,0.34966052790532687
nearest_middle_school_m,middle_school_count_1000m,0.3490471582639508
hospital_doctor_sum_3000m,sale_price_per_supply_pyeong,0.348101840905722
lat,nearest_tertiary_hospital_m,0.34669737118421834
hospital_count_5000m,hospital_doctor_sum_3000m,0.34004014056584475
built_year,gu_price_rank_pct,0.33857947707631614
built_yyyymm,gu_price_rank_pct,0.3384718333994896
station_count_1000m,sale_price_per_exclusive_pyeong,0.33825634863608
log_households_total,sale_price_per_supply_pyeong,0.3367225365047769
households_total,sale_price_per_supply_pyeong,0.3367225365047769
hospital_doctor_sum_3000m,jeonse_price_per_exclusive_pyeong,0.3330676878614451
nearest_middle_school_m,nearest_high_school_m,0.33181794157940286
hospital_doctor_sum_3000m,sale_price_per_exclusive_pyeong,0.3312316110003249
building_age_years,gu_price_rank_pct,0.32987830780953503
nearest_school_m,nearest_high_school_m,0.3286560628303895
building_age_years,log_kb_sale_price,0.32367033692625247
kb_sale_price_manwon,building_age_years,0.32367033692625247
kb_sale_price_manwon,hospital_doctor_sum_3000m,0.31868011084682746
hospital_doctor_sum_3000m,log_kb_sale_price,0.31868011084682746
kb_jeonse_ratio_pct,log_households_total,0.31750608544897424
kb_jeonse_ratio_pct,households_total,0.31750608544897424
built_year,log_kb_sale_price,0.3169011125340256
kb_sale_price_manwon,built_year,0.3169011125340256
kb_sale_price_manwon,built_yyyymm,0.31681903433132075
built_yyyymm,log_kb_sale_price,0.31681903433132075
building_coverage_ratio,gu_pp_premium_pct,0.3154377134784354
station_count_1000m,jeonse_price_per_exclusive_pyeong,0.3128172698636169
elementary_school_count_1000m,high_school_count_1000m,0.31030141559787194
kb_price_gap_manwon,station_count_1000m,0.3045537466615452
station_count_500m,hospital_doctor_sum_5000m,0.30244907314582453
nearest_station_m,hospital_doctor_sum_5000m,0.3014296894561869
station_count_1000m,log_kb_sale_price,0.2973285086304071
kb_sale_price_manwon,station_count_1000m,0.2973285086304071
kb_price_gap_manwon,hospital_doctor_sum_3000m,0.29708712475497245
log_households_total,jeonse_price_per_exclusive_pyeong,0.29648272770939016
households_total,jeonse_price_per_exclusive_pyeong,0.29648272770939016
log_households_by_size,complex_size_count,0.2952942533572539
households_by_size,complex_size_count,0.2952942533572539
complex_pp_premium_pct,gu_pp_premium_pct,0.29241712116766355
kb_jeonse_price_manwon,hospital_doctor_sum_3000m,0.2899830471693745
kb_jeonse_ratio_pct,building_age_years,0.2898907449324905
log_households_total,log_kb_sale_price,0.289241430639261
households_total,log_kb_sale_price,0.289241430639261
kb_sale_price_manwon,households_total,0.289241430639261
kb_sale_price_manwon,log_households_total,0.289241430639261
supply_area_pyeong,building_age_years,0.28667500322517625
supply_area_m2,building_age_years,0.2866510299134397
supply_area_pyeong,built_year,0.2857570048725589
supply_area_m2,built_year,0.28573338551328786
built_yyyymm,supply_area_pyeong,0.28557040266156697
built_yyyymm,supply_area_m2,0.2855466327764119
lat,sale_price_per_supply_pyeong,0.2843763023491902
lat,jeonse_price_per_exclusive_pyeong,0.28130269106035083
complex_sale_price_premium_pct,gu_price_rank_pct,0.2810737648163469
kb_sale_price_manwon,kb_jeonse_ratio_pct,0.27869581354937056
kb_jeonse_ratio_pct,log_kb_sale_price,0.27869581354937056
lon,hospital_doctor_sum_3000m,0.27657871521625943
kb_jeonse_ratio_pct,built_year,0.2759064950412412
lat,sale_price_per_exclusive_pyeong,0.2752095082338979
kb_jeonse_ratio_pct,built_yyyymm,0.27436858120061275
built_yyyymm,complex_size_count,0.27343249441931167
built_year,complex_size_count,0.27341357841665376
building_age_years,complex_size_count,0.2717367780841338
kb_jeonse_ratio_pct,floor_area_ratio,0.26931786738956787
built_yyyymm,exclusive_area_m2,0.26895550010107555
exclusive_area_m2,built_year,0.26894320408545946
built_yyyymm,exclusive_area_pyeong,0.2682047699262342
exclusive_area_pyeong,built_year,0.268187125156196
exclusive_area_m2,building_age_years,0.26675155212776186
exclusive_area_pyeong,building_age_years,0.2660264819636096
nearest_station_m,hospital_doctor_sum_3000m,0.26458121784329286
station_count_500m,hospital_doctor_sum_3000m,0.26063746609107846
kb_jeonse_ratio_pct,log_households_by_size,0.26024180156299515
kb_jeonse_ratio_pct,households_by_size,0.26024180156299515
school_count_1000m,nearest_middle_school_m,0.25850211373246296
middle_school_count_1000m,nearest_high_school_m,0.2571888157626807
kb_jeonse_price_manwon,log_households_total,0.25579166478675663
kb_jeonse_price_manwon,households_total,0.25579166478675663
floor_area_ratio,nearest_tertiary_hospital_m,0.2552680503066927
nearest_hospital_m,nearest_tertiary_hospital_m,0.25083970709729786
kb_jeonse_price_manwon,station_count_1000m,0.25011654462846045
lat,lon,0.24672358650819967
complex_size_count,complex_price_rank_pct,0.24604667376343292
kb_sale_price_manwon,lat,0.2460411591663337
lat,log_kb_sale_price,0.2460411591663337
nearest_hospital_m,hospital_doctor_sum_3000m,0.24262681743930584
complex_price_rank_pct,gu_pp_premium_pct,0.2414305171371424
nearest_station_m,sale_price_per_exclusive_pyeong,0.2407225611580456
nearest_station_m,sale_price_per_supply_pyeong,0.24041751594408636
station_count_500m,tertiary_hospital_count_5000m,0.2394541075446085
nearest_station_m,jeonse_price_per_exclusive_pyeong,0.2370998359226876
log_households_total,complex_size_count,0.2364769192989668
households_total,complex_size_count,0.2364769192989668
complex_area_rank_pct,gu_pp_premium_pct,0.2358427991833523
complex_size_count,complex_area_rank_pct,0.2336863126891991
kb_jeonse_price_manwon,complex_sale_price_premium_pct,0.23328134546534038
sale_price_per_exclusive_pyeong,complex_pp_premium_pct,0.2322872068882581
households_by_size,gu_price_rank_pct,0.2287262630468918
log_households_by_size,gu_price_rank_pct,0.2287262630468918
households_by_size,sale_price_per_exclusive_pyeong,0.22871831952779692
log_households_by_size,sale_price_per_exclusive_pyeong,0.22871831952779692
station_count_500m,jeonse_price_per_exclusive_pyeong,0.22792472198488686
kb_price_gap_manwon,lat,0.22773686015042488
nearest_station_m,tertiary_hospital_count_5000m,0.2257725635324838
complex_price_rank_pct,gu_price_rank_pct,0.2249694517134264
floor_area_ratio,nearest_station_m,0.22481673640774782
kb_price_gap_manwon,building_coverage_ratio,0.22386133462922625
station_count_500m,sale_price_per_supply_pyeong,0.22368973900280267
station_count_500m,sale_price_per_exclusive_pyeong,0.2233051052208214
nearest_station_m,nearest_tertiary_hospital_m,0.2208783575849008
contract_area_pyeong,floor_area_ratio,0.2195548380405657
kb_jeonse_price_manwon,lat,0.2185999096429907
station_count_1000m,hospital_count_5000m,0.21798835362050714
hospital_count_3000m,tertiary_hospital_count_5000m,0.21533483080579452
building_age_years,sale_price_per_exclusive_pyeong,0.21508195461775587
station_count_500m,nearest_tertiary_hospital_m,0.2139914819023791
kb_sale_price_manwon,complex_sale_price_premium_pct,0.21203837560840663
log_kb_sale_price,complex_sale_price_premium_pct,0.21203837560840663
building_age_years,sale_price_per_supply_pyeong,0.21140756768240757
lon,tertiary_hospital_count_5000m,0.21104928354146646
elementary_school_count_1000m,sale_price_per_supply_pyeong,0.21087352930500572
sale_price_per_exclusive_pyeong,complex_price_rank_pct,0.21000981095063082
complex_sale_price_premium_pct,gu_pp_premium_pct,0.20839992275958671
floor_area_ratio,station_count_1000m,0.2080386549836941
nearest_tertiary_hospital_m,gu_price_rank_pct,0.2077146825739495
complex_area_rank_pct,gu_price_rank_pct,0.20747824853616564
nearest_elementary_school_m,elementary_school_count_1000m,0.20731694708100798
building_coverage_ratio,gu_price_rank_pct,0.20641008908306097
built_year,sale_price_per_exclusive_pyeong,0.20581548631707566
contract_area_pyeong,jeonse_price_per_exclusive_pyeong,0.20565037292679664
sale_price_per_exclusive_pyeong,complex_area_rank_pct,0.20537931673626358
built_yyyymm,sale_price_per_exclusive_pyeong,0.2050189440718881
jeonse_price_per_exclusive_pyeong,complex_price_rank_pct,0.20491351357598755
floor_area_ratio,hospital_doctor_sum_5000m,0.2046312476479831
floor_area_ratio,station_count_500m,0.2045757156719474
built_year,sale_price_per_supply_pyeong,0.20419987407740645
built_yyyymm,sale_price_per_supply_pyeong,0.20355398382225512
kb_sale_price_manwon,elementary_school_count_1000m,0.20349405536552967
elementary_school_count_1000m,log_kb_sale_price,0.20349405536552967
nearest_tertiary_hospital_m,gu_pp_premium_pct,0.2023384551524773
log_households_by_size,sale_price_per_supply_pyeong,0.20126808506344873
households_by_size,sale_price_per_supply_pyeong,0.20126808506344873
hospital_count_3000m,hospital_doctor_sum_5000m,0.19919798016204754
jeonse_price_per_exclusive_pyeong,complex_area_rank_pct,0.19897171013051643
elementary_school_count_1000m,sale_price_per_exclusive_pyeong,0.19864899439940617
kb_jeonse_price_manwon,complex_size_count,0.19708564830595904
lon,nearest_station_m,0.196282845576711
jeonse_price_per_exclusive_pyeong,complex_pp_premium_pct,0.19626727193109456
lon,sale_price_per_exclusive_pyeong,0.196123523054226
lat,elementary_school_count_1000m,0.19590773841368073
floor_area_ratio,jeonse_price_per_exclusive_pyeong,0.19509885873218802
lon,station_count_1000m,0.19472925885968131
station_count_1000m,hospital_count_3000m,0.19457443661984292
kb_sale_price_manwon,nearest_station_m,0.19406853876906816
nearest_station_m,log_kb_sale_price,0.19406853876906816
kb_price_gap_manwon,nearest_station_m,0.19217633939692144
nearest_school_m,school_count_1000m,0.19085553607466949
complex_pp_premium_pct,gu_price_rank_pct,0.19030540832294676
building_coverage_ratio,sale_price_per_supply_pyeong,0.19014061380648667
built_year,gu_pp_premium_pct,0.19009291363948908
lon,sale_price_per_supply_pyeong,0.19008167336139026
built_yyyymm,gu_pp_premium_pct,0.18997901297448075
kb_price_gap_manwon,elementary_school_count_1000m,0.18809276141055875
sale_price_per_supply_pyeong,complex_pp_premium_pct,0.18793361505881104
kb_price_gap_manwon,log_households_by_size,0.1875367807741063
kb_price_gap_manwon,households_by_size,0.1875367807741063
school_count_1000m,nearest_elementary_school_m,0.1871196374768751
kb_jeonse_ratio_pct,gu_price_rank_pct,0.18527029722626884
elementary_school_count_1000m,jeonse_price_per_exclusive_pyeong,0.18520532529115594
lat,school_count_1000m,0.1845348992545567
station_count_500m,log_kb_sale_price,0.18452412593555453
kb_sale_price_manwon,station_count_500m,0.18452412593555453
tertiary_hospital_count_5000m,gu_price_rank_pct,0.18438873492611627
floor_area_ratio,tertiary_hospital_count_5000m,0.18421364565879056
kb_price_gap_manwon,built_year,0.18380069463546944
kb_price_gap_manwon,built_yyyymm,0.1837616137159112
kb_jeonse_price_manwon,complex_pp_premium_pct,0.1834551609597139
building_age_years,gu_pp_premium_pct,0.18087639464443575
elementary_school_count_1000m,hospital_count_3000m,0.1799390372009707
tertiary_hospital_count_5000m,gu_pp_premium_pct,0.17965115294958933
kb_price_gap_manwon,station_count_500m,0.17917205315179974
kb_price_gap_manwon,building_age_years,0.1788230664427904
jeonse_price_per_exclusive_pyeong,complex_size_count,0.17846835104606498
log_kb_sale_price,complex_size_count,0.17746825537240019
kb_sale_price_manwon,complex_size_count,0.17746825537240019
building_coverage_ratio,sale_price_per_exclusive_pyeong,0.1768979045967654
lon,station_count_500m,0.17575065575500137
floor_area_ratio,hospital_doctor_sum_3000m,0.17509725005674062
kb_price_gap_manwon,lon,0.17498796751222148
kb_jeonse_price_manwon,floor_area_ratio,0.17494408045324986
kb_jeonse_price_manwon,complex_price_rank_pct,0.17456263625016533
kb_jeonse_price_manwon,elementary_school_count_1000m,0.17353337260685672
built_year,size_household_share,0.17344384779220162
built_yyyymm,size_household_share,0.17317446518102528
contract_area_pyeong,complex_size_count,0.17208783077043183
kb_jeonse_ratio_pct,contract_area_pyeong,0.17121551587271103
sale_price_per_supply_pyeong,complex_price_rank_pct,0.1712112671344169
kb_jeonse_price_manwon,nearest_station_m,0.17115115282525384
kb_sale_price_manwon,lon,0.16962226928601873
lon,log_kb_sale_price,0.16962226928601873
lon,jeonse_price_per_exclusive_pyeong,0.16936360109241158
building_age_years,size_household_share,0.16902043178133563
lat,tertiary_hospital_count_5000m,0.16896008991764433
households_by_size,jeonse_price_per_exclusive_pyeong,0.16849627239870751
log_households_by_size,jeonse_price_per_exclusive_pyeong,0.16849627239870751
sale_price_per_supply_pyeong,complex_area_rank_pct,0.16822640599172817
sale_price_per_exclusive_pyeong,complex_sale_price_premium_pct,0.16627489849403018
kb_jeonse_price_manwon,station_count_500m,0.16475418764670466
lon,hospital_count_5000m,0.1632563833023792
nearest_school_m,middle_school_count_1000m,0.16314546385951365
contract_area_pyeong,tertiary_hospital_count_5000m,0.16272540929038165
contract_area_pyeong,sale_price_per_supply_pyeong,0.16266924931254922
kb_jeonse_price_manwon,complex_area_rank_pct,0.16194533977690184
supply_area_m2,floor_area_ratio,0.16129527381100658
supply_area_pyeong,floor_area_ratio,0.1612868308125486
elementary_school_count_1000m,hospital_count_5000m,0.16089793020625437
nearest_elementary_school_m,nearest_middle_school_m,0.16052743736415415
station_count_1000m,gu_pp_premium_pct,0.16050434926372134
sale_price_per_supply_pyeong,complex_size_count,0.16010433457930615
nearest_school_m,elementary_school_count_1000m,0.15960672753376753
jeonse_price_per_exclusive_pyeong,complex_sale_price_premium_pct,0.1590468551369889
complex_size_count,gu_price_rank_pct,0.1572935159520849
hospital_doctor_sum_5000m,gu_pp_premium_pct,0.15678613646998554
log_kb_sale_price,complex_price_rank_pct,0.15658477573771465
kb_sale_price_manwon,complex_price_rank_pct,0.15658477573771465
building_coverage_ratio,nearest_school_m,0.155974311498994
kb_price_gap_manwon,complex_sale_price_premium_pct,0.1557844060532818
kb_price_gap_manwon,complex_size_count,0.15463453227655835
contract_area_pyeong,nearest_tertiary_hospital_m,0.15447391842874633
nearest_middle_school_m,high_school_count_1000m,0.15324179469658178
middle_school_count_1000m,nearest_hospital_m,0.14958268986851325
sale_price_per_exclusive_pyeong,complex_size_count,0.14936747811328238
hospital_doctor_sum_5000m,gu_price_rank_pct,0.14901086486050774
elementary_school_count_1000m,nearest_high_school_m,0.14897734387725164
elementary_school_count_1000m,tertiary_hospital_count_5000m,0.14856573451277655
size_household_share,complex_price_rank_pct,0.14722599636946734
nearest_hospital_m,hospital_count_5000m,0.14531994004739243
school_count_1000m,hospital_count_3000m,0.14482246421959824
lat,middle_school_count_1000m,0.1447013625831243
building_coverage_ratio,nearest_station_m,0.14444895179357686
kb_sale_price_manwon,complex_area_rank_pct,0.144041374765238
log_kb_sale_price,complex_area_rank_pct,0.144041374765238
households_total,size_household_share,0.14385873009004338
size_household_share,log_households_total,0.14385873009004338
size_household_share,complex_area_rank_pct,0.14384951663828496
building_coverage_ratio,built_year,0.1423896858195462
floor_area_ratio,nearest_school_m,0.14208053250506733
built_yyyymm,building_coverage_ratio,0.1414029164733748
lat,hospital_doctor_sum_5000m,0.14039763314285664
middle_school_count_1000m,hospital_count_3000m,0.14035775913882337
kb_jeonse_ratio_pct,complex_pp_premium_pct,0.13996034334774973
kb_sale_price_manwon,complex_pp_premium_pct,0.1398326205825853
log_kb_sale_price,complex_pp_premium_pct,0.1398326205825853
hospital_doctor_sum_3000m,gu_price_rank_pct,0.13936516996718284
school_count_1000m,nearest_hospital_m,0.13919117517649943
nearest_elementary_school_m,middle_school_count_1000m,0.13909822878151462
nearest_station_m,gu_pp_premium_pct,0.13811554000523446
kb_jeonse_price_manwon,lon,0.13773219229596317
kb_jeonse_ratio_pct,hospital_doctor_sum_5000m,0.13741846049395465
nearest_school_m,high_school_count_1000m,0.13740556263110668
nearest_elementary_school_m,nearest_high_school_m,0.13608463468295945
hospital_doctor_sum_3000m,gu_pp_premium_pct,0.1360678030552075
nearest_high_school_m,gu_pp_premium_pct,0.1360030307187929
kb_sale_price_manwon,log_households_by_size,0.13487120941207295
kb_sale_price_manwon,households_by_size,0.13487120941207295
households_by_size,log_kb_sale_price,0.13487120941207295
log_households_by_size,log_kb_sale_price,0.13487120941207295
exclusive_area_m2,tertiary_hospital_count_5000m,0.1343278627516479
exclusive_area_pyeong,tertiary_hospital_count_5000m,0.1341869533724844
nearest_high_school_m,log_households_total,0.1340514924819707
households_total,nearest_high_school_m,0.1340514924819707
lat,nearest_hospital_m,0.13308752605105376
lat,hospital_doctor_sum_3000m,0.13199835242630434
building_coverage_ratio,building_age_years,0.13172634449065979
building_coverage_ratio,nearest_elementary_school_m,0.13072915541557706
station_count_1000m,gu_price_rank_pct,0.1297050214152351
lat,floor_area_ratio,0.1296645969391069
school_count_1000m,tertiary_hospital_count_5000m,0.12890758283347697
floor_area_ratio,hospital_count_5000m,0.12884433050922176
contract_area_pyeong,hospital_doctor_sum_5000m,0.1283564524137125
kb_jeonse_ratio_pct,station_count_1000m,0.12614360045957862
building_coverage_ratio,log_kb_sale_price,0.12509755181113932
kb_sale_price_manwon,building_coverage_ratio,0.12509755181113932
supply_area_m2,tertiary_hospital_count_5000m,0.12388421385385834
supply_area_pyeong,tertiary_hospital_count_5000m,0.12386280938326165
high_school_count_1000m,log_households_total,0.12383677127116542
households_total,high_school_count_1000m,0.12383677127116542
sale_price_per_supply_pyeong,complex_sale_price_premium_pct,0.12373715895105987
exclusive_area_m2,sale_price_per_supply_pyeong,0.12357124839034252
school_count_1000m,log_households_total,0.12347793725794352
households_total,school_count_1000m,0.12347793725794352
exclusive_area_m2,nearest_tertiary_hospital_m,0.12347327363095086
exclusive_area_pyeong,nearest_tertiary_hospital_m,0.12335745057753762
exclusive_area_pyeong,sale_price_per_supply_pyeong,0.1233113180640172
floor_area_ratio,hospital_count_3000m,0.12290616898091325
nearest_high_school_m,sale_price_per_supply_pyeong,0.12290111049566631
elementary_school_count_1000m,nearest_middle_school_m,0.12286034513012255
exclusive_area_pyeong,floor_area_ratio,0.12269232768188473
high_school_count_1000m,nearest_tertiary_hospital_m,0.1223649550907801
exclusive_area_m2,floor_area_ratio,0.12234947951439407
nearest_high_school_m,gu_price_rank_pct,0.12181519304965996
building_coverage_ratio,station_count_500m,0.1213380528193845
building_coverage_ratio,nearest_high_school_m,0.12063670387619375
school_count_1000m,log_kb_sale_price,0.11996408249414044
kb_sale_price_manwon,school_count_1000m,0.11996408249414044
kb_jeonse_ratio_pct,supply_area_pyeong,0.11981443258778784
kb_jeonse_ratio_pct,supply_area_m2,0.11980775217835836
nearest_high_school_m,sale_price_per_exclusive_pyeong,0.11963301510504931
kb_price_gap_manwon,nearest_high_school_m,0.1193866996990259
contract_area_pyeong,hospital_doctor_sum_3000m,0.11922083910950095
school_count_1000m,sale_price_per_supply_pyeong,0.11818656101671644
contract_area_pyeong,sale_price_per_exclusive_pyeong,0.11797608191307242
supply_area_m2,nearest_tertiary_hospital_m,0.11729211481474151
supply_area_pyeong,nearest_tertiary_hospital_m,0.11726779548876029
elementary_school_count_1000m,hospital_doctor_sum_5000m,0.11719216957628174
kb_jeonse_ratio_pct,tertiary_hospital_count_5000m,0.11708049774785387
households_by_size,elementary_school_count_1000m,0.11694307145912274
elementary_school_count_1000m,log_households_by_size,0.11694307145912274
contract_area_pyeong,size_household_share,0.11500660547815429
building_coverage_ratio,nearest_middle_school_m,0.11417586341800526
supply_area_m2,complex_size_count,0.1134319868337176
supply_area_pyeong,complex_size_count,0.11343158906099979
tertiary_hospital_count_5000m,complex_size_count,0.11331778336345279
floor_area_ratio,nearest_high_school_m,0.11319158467242504
built_year,built_month,0.11258393451817485
contract_area_pyeong,building_coverage_ratio,0.11221094388842663
built_year,log_households_by_size,0.11091439490071943
households_by_size,built_year,0.11091439490071943
built_yyyymm,households_by_size,0.11061065385400237
built_yyyymm,log_households_by_size,0.11061065385400237
supply_area_m2,jeonse_price_per_exclusive_pyeong,0.10990881367296124
supply_area_pyeong,jeonse_price_per_exclusive_pyeong,0.10990806640734771
school_count_1000m,sale_price_per_exclusive_pyeong,0.10907560950656077
lon,floor_area_ratio,0.10884632765526472
households_by_size,school_count_1000m,0.10851776650970998
school_count_1000m,log_households_by_size,0.10851776650970998
lat,building_coverage_ratio,0.108181386138681
lat,high_school_count_1000m,0.10789261360191116
kb_price_gap_manwon,school_count_1000m,0.1078086641160816
nearest_high_school_m,log_kb_sale_price,0.10755529810551634
kb_sale_price_manwon,nearest_high_school_m,0.10755529810551634
hospital_doctor_sum_5000m,complex_size_count,0.10713651049288352
station_count_500m,hospital_count_5000m,0.10702876175598457
kb_jeonse_price_manwon,log_households_by_size,0.10702336389690038
kb_jeonse_price_manwon,households_by_size,0.10702336389690038
kb_jeonse_ratio_pct,exclusive_area_m2,0.10659648892754403
kb_jeonse_ratio_pct,exclusive_area_pyeong,0.1064609965624732
tertiary_hospital_count_5000m,built_year,0.10644312956194618
exclusive_area_m2,hospital_doctor_sum_5000m,0.10586690426477434
nearest_station_m,gu_price_rank_pct,0.10575965288960631
exclusive_area_pyeong,hospital_doctor_sum_5000m,0.10567560615642266
built_yyyymm,tertiary_hospital_count_5000m,0.10521277476991217
school_count_1000m,hospital_doctor_sum_5000m,0.10443535499441865
station_count_500m,gu_pp_premium_pct,0.10431288709397238
exclusive_area_m2,hospital_doctor_sum_3000m,0.10379632485705892
kb_price_gap_manwon,complex_price_rank_pct,0.10374341353317623
nearest_elementary_school_m,high_school_count_1000m,0.10358330148143943
exclusive_area_pyeong,hospital_doctor_sum_3000m,0.10356945476287087
floor_area_ratio,log_kb_sale_price,0.10355546757467084
kb_sale_price_manwon,floor_area_ratio,0.10355546757467084
floor_area_ratio,building_age_years,0.10337938342964875
tertiary_hospital_count_5000m,building_age_years,0.10263910683716257
exclusive_area_m2,complex_size_count,0.10225699418697153
school_count_1000m,jeonse_price_per_exclusive_pyeong,0.10220285444565053
exclusive_area_pyeong,complex_size_count,0.10187365412281617
supply_area_m2,sale_price_per_supply_pyeong,0.10142859358396622
supply_area_pyeong,sale_price_per_supply_pyeong,0.10142465546740578
kb_jeonse_price_manwon,size_household_share,0.10076992496998294
school_count_1000m,nearest_tertiary_hospital_m,0.10019878987887318
kb_jeonse_price_manwon,school_count_1000m,0.09897998981653083
households_total,elementary_school_count_1000m,0.0985910255299496
elementary_school_count_1000m,log_households_total,0.0985910255299496
high_school_count_1000m,gu_pp_premium_pct,0.0985535754687908
station_count_500m,hospital_count_3000m,0.09817413661050409
middle_school_count_1000m,tertiary_hospital_count_5000m,0.09733816932564848
lon,nearest_tertiary_hospital_m,0.09662368646924527
building_coverage_ratio,school_count_1000m,0.09568731050761237
supply_area_m2,hospital_doctor_sum_5000m,0.09556660956629566
supply_area_pyeong,hospital_doctor_sum_5000m,0.09554325727587581
kb_jeonse_ratio_pct,lon,0.09546582335502385
floor_area_ratio,built_year,0.095029775472394
supply_area_m2,hospital_doctor_sum_3000m,0.09482441303330125
supply_area_pyeong,hospital_doctor_sum_3000m,0.09480112311794438
high_school_count_1000m,nearest_hospital_m,0.09448310903162302
households_by_size,building_age_years,0.0943437592821972
building_age_years,log_households_by_size,0.0943437592821972
contract_area_pyeong,elementary_school_count_1000m,0.09395550573902772
floor_area_ratio,nearest_elementary_school_m,0.09392823553011788
kb_price_gap_manwon,complex_area_rank_pct,0.09362293620793756
built_yyyymm,floor_area_ratio,0.09313254091886938
nearest_school_m,tertiary_hospital_count_5000m,0.09247684747992943
nearest_station_m,nearest_high_school_m,0.09214524251527063
elementary_school_count_1000m,nearest_tertiary_hospital_m,0.09214041256149838
floor_area_ratio,high_school_count_1000m,0.09146882866134666
nearest_high_school_m,jeonse_price_per_exclusive_pyeong,0.09110139415805357
size_household_share,complex_pp_premium_pct,0.09080722165749362
kb_sale_price_manwon,size_household_share,0.09057481477377458
size_household_share,log_kb_sale_price,0.09057481477377458
hospital_count_5000m,gu_pp_premium_pct,0.09033263644348002
building_coverage_ratio,station_count_1000m,0.09027947576416914
exclusive_area_m2,jeonse_price_per_exclusive_pyeong,0.09015456634561322
station_count_500m,gu_price_rank_pct,0.08994287823420397
exclusive_area_pyeong,jeonse_price_per_exclusive_pyeong,0.08978893465659282
kb_jeonse_price_manwon,nearest_high_school_m,0.08896585123271827
contract_area_pyeong,station_count_1000m,0.08872509137414399
lat,hospital_count_5000m,0.0885145441412479
building_coverage_ratio,nearest_tertiary_hospital_m,0.08850454458993993
nearest_tertiary_hospital_m,complex_size_count,0.08821561967129438
horizon_months,building_age_years,0.08730316984137701
supply_area_m2,elementary_school_count_1000m,0.08613917925682518
supply_area_pyeong,elementary_school_count_1000m,0.08613633360527703
horizon_months,jeonse_price_per_exclusive_pyeong,0.08594399938856061
nearest_middle_school_m,hospital_count_3000m,0.0852368267574023
lat,households_total,0.0849905264584198
lat,log_households_total,0.0849905264584198
nearest_station_m,high_school_count_1000m,0.0848848189456746
nearest_middle_school_m,nearest_hospital_m,0.0844890161363674
nearest_elementary_school_m,log_households_total,0.0836816588030279
households_total,nearest_elementary_school_m,0.0836816588030279
complex_size_count,gu_pp_premium_pct,0.08311909651182302
exclusive_area_m2,elementary_school_count_1000m,0.08301380147933549
exclusive_area_pyeong,elementary_school_count_1000m,0.08288820129904995
station_count_500m,nearest_school_m,0.08237737442885705
hospital_doctor_sum_3000m,complex_size_count,0.08217438619680786
nearest_elementary_school_m,log_households_by_size,0.08187967919814966
households_by_size,nearest_elementary_school_m,0.08187967919814966
lat,households_by_size,0.08137745666314807
lat,log_households_by_size,0.08137745666314807
hospital_count_5000m,gu_price_rank_pct,0.0813551291908971
nearest_elementary_school_m,gu_pp_premium_pct,0.08107401323271639
building_coverage_ratio,high_school_count_1000m,0.08068560124899327
size_household_share,gu_price_rank_pct,0.08042986637563514
nearest_school_m,hospital_doctor_sum_5000m,0.08036549209481297
kb_jeonse_price_manwon,horizon_months,0.07984610991484395
nearest_middle_school_m,gu_pp_premium_pct,0.07967287183854493
building_coverage_ratio,middle_school_count_1000m,0.0792931942933859
built_yyyymm,nearest_middle_school_m,0.07882858027113655
kb_jeonse_ratio_pct,jeonse_price_per_exclusive_pyeong,0.07863323394723892
nearest_station_m,hospital_count_5000m,0.07833002156162003
households_total,floor_area_ratio,0.07798592102020327
floor_area_ratio,log_households_total,0.07798592102020327
supply_area_pyeong,size_household_share,0.07789210976167829
supply_area_m2,size_household_share,0.07788870876722692
nearest_school_m,gu_pp_premium_pct,0.07780626398929955
high_school_count_1000m,gu_price_rank_pct,0.07750124324840905
nearest_middle_school_m,built_year,0.07716517061007643
kb_price_gap_manwon,size_household_share,0.0766094455820565
elementary_school_count_1000m,complex_size_count,0.07654426899278029
station_count_1000m,nearest_hospital_m,0.07632844557776676
kb_jeonse_ratio_pct,nearest_school_m,0.075868525112054
nearest_middle_school_m,building_age_years,0.07555398739073328
nearest_station_m,nearest_school_m,0.0753078444377476
nearest_hospital_m,hospital_doctor_sum_5000m,0.07510474067777484
kb_jeonse_ratio_pct,complex_price_rank_pct,0.07503597678510145
station_count_1000m,nearest_school_m,0.07495493698071452
lon,middle_school_count_1000m,0.07415983831329635
nearest_high_school_m,log_households_by_size,0.07346923861593112
households_by_size,nearest_high_school_m,0.07346923861593112
kb_jeonse_ratio_pct,hospital_doctor_sum_3000m,0.07343096490856604
kb_jeonse_ratio_pct,complex_area_rank_pct,0.07330290635545123
contract_area_pyeong,nearest_elementary_school_m,0.07306038636663825
supply_area_pyeong,log_households_total,0.07304425205454891
households_total,supply_area_pyeong,0.07304425205454891
supply_area_m2,log_households_total,0.07303427234667359
households_total,supply_area_m2,0.07303427234667359
station_count_500m,nearest_high_school_m,0.0728747478857336
kb_jeonse_ratio_pct,nearest_high_school_m,0.0728041671440405
kb_jeonse_ratio_pct,nearest_tertiary_hospital_m,0.07202873281591371
nearest_high_school_m,hospital_count_5000m,0.07194782386715644
kb_price_gap_manwon,complex_pp_premium_pct,0.0714584286757127
exclusive_area_pyeong,station_count_1000m,0.07107129999889683
exclusive_area_m2,station_count_1000m,0.07102684184756916
middle_school_count_1000m,log_kb_sale_price,0.07058781239717207
kb_sale_price_manwon,middle_school_count_1000m,0.07058781239717207
nearest_station_m,hospital_count_3000m,0.0705774639188553
middle_school_count_1000m,log_households_by_size,0.07036830965877894
households_by_size,middle_school_count_1000m,0.07036830965877894
lat,contract_area_pyeong,0.06998792420058396
nearest_tertiary_hospital_m,built_year,0.0699017310343756
elementary_school_count_1000m,nearest_hospital_m,0.06986770038974946
lon,nearest_hospital_m,0.06948278109699656
households_by_size,complex_pp_premium_pct,0.069416043088738
log_households_by_size,complex_pp_premium_pct,0.069416043088738
nearest_school_m,log_households_total,0.0692025094076907
households_total,nearest_school_m,0.0692025094076907
households_by_size,nearest_school_m,0.06886468915553526
nearest_school_m,log_households_by_size,0.06886468915553526
building_coverage_ratio,elementary_school_count_1000m,0.0685394357889774
contract_area_pyeong,school_count_1000m,0.06799779963067304
exclusive_area_m2,size_household_share,0.06769310903929442
built_yyyymm,nearest_tertiary_hospital_m,0.06756659614504679
nearest_tertiary_hospital_m,building_age_years,0.06740482655879877
exclusive_area_pyeong,size_household_share,0.06738424780389125
built_yyyymm,built_month,0.06732710775867247
high_school_count_1000m,log_households_by_size,0.0670120124649278
households_by_size,high_school_count_1000m,0.0670120124649278
hospital_doctor_sum_5000m,built_year,0.06637632508967764
building_age_years,complex_price_rank_pct,0.06619231135964339
built_month,building_age_years,0.06596211797069002
built_yyyymm,hospital_doctor_sum_5000m,0.0659513802612009
exclusive_area_pyeong,nearest_elementary_school_m,0.06570157922721945
exclusive_area_m2,nearest_elementary_school_m,0.0656911002872747
built_yyyymm,complex_price_rank_pct,0.065605388313059
nearest_station_m,nearest_hospital_m,0.06554570147714339
built_year,complex_price_rank_pct,0.06551264030664927
kb_jeonse_ratio_pct,elementary_school_count_1000m,0.06551084725208237
middle_school_count_1000m,log_households_total,0.06490259772604125
households_total,middle_school_count_1000m,0.06490259772604125
station_count_1000m,nearest_elementary_school_m,0.06488505982693825
households_by_size,complex_price_rank_pct,0.06407163608901649
log_households_by_size,complex_price_rank_pct,0.06407163608901649
kb_jeonse_ratio_pct,complex_sale_price_premium_pct,0.06402725729354077
nearest_school_m,built_year,0.06400619415490523
exclusive_area_pyeong,gu_pp_premium_pct,0.06394208187648764
kb_jeonse_ratio_pct,nearest_station_m,0.0638742898660769
contract_area_pyeong,middle_school_count_1000m,0.06387340599209922
supply_area_m2,station_count_1000m,0.06380323510976045
supply_area_pyeong,station_count_1000m,0.0637941544791175
station_count_500m,nearest_elementary_school_m,0.06370801118229232
built_yyyymm,nearest_school_m,0.06362719296401183
exclusive_area_m2,gu_pp_premium_pct,0.06354238291720622
hospital_doctor_sum_5000m,building_age_years,0.06339778326323964
kb_jeonse_ratio_pct,nearest_middle_school_m,0.06316528388195256
floor_area_ratio,gu_pp_premium_pct,0.06313050529344642
lon,gu_pp_premium_pct,0.06283932173908566
building_age_years,complex_area_rank_pct,0.0628279885082043
station_count_1000m,complex_size_count,0.06258204868077709
contract_area_pyeong,station_count_500m,0.06248066696006555
station_count_500m,complex_size_count,0.06241953828705598
log_households_by_size,complex_area_rank_pct,0.06225766516912898
households_by_size,complex_area_rank_pct,0.06225766516912898
built_yyyymm,complex_area_rank_pct,0.062219484264736856
floor_area_ratio,nearest_middle_school_m,0.06210347797673957
lat,nearest_elementary_school_m,0.062056145222468724
built_year,complex_area_rank_pct,0.06205272968548676
nearest_high_school_m,hospital_count_3000m,0.061684891746601904
school_count_1000m,hospital_count_5000m,0.061510436408706515
nearest_school_m,nearest_tertiary_hospital_m,0.06150281662847235
log_households_total,complex_price_rank_pct,0.06142948697447847
households_total,complex_price_rank_pct,0.06142948697447847
households_by_size,hospital_count_5000m,0.061303272996312094
hospital_count_5000m,log_households_by_size,0.061303272996312094
contract_area_pyeong,nearest_school_m,0.06126926260147939
kb_jeonse_price_manwon,building_coverage_ratio,0.061171948389165204
kb_jeonse_price_manwon,middle_school_count_1000m,0.06112730890441889
nearest_school_m,building_age_years,0.06100741149267802
nearest_middle_school_m,tertiary_hospital_count_5000m,0.06091428072662188
size_household_share,jeonse_price_per_exclusive_pyeong,0.060889694582741155
floor_area_ratio,built_month,0.06076943244734085
households_total,nearest_middle_school_m,0.06075733038917102
nearest_middle_school_m,log_households_total,0.06075733038917102
high_school_count_1000m,hospital_doctor_sum_5000m,0.06061204871939346
contract_area_pyeong,log_households_by_size,0.06051012186158778
contract_area_pyeong,households_by_size,0.06051012186158778
nearest_station_m,school_count_1000m,0.06046986564752739
households_total,exclusive_area_pyeong,0.06031068813231218
exclusive_area_pyeong,log_households_total,0.06031068813231218
exclusive_area_m2,log_households_total,0.06030939565007451
households_total,exclusive_area_m2,0.06030939565007451
lat,exclusive_area_m2,0.06027256812434133
lat,exclusive_area_pyeong,0.06025955565880208
supply_area_m2,nearest_elementary_school_m,0.059668987575480364
supply_area_pyeong,nearest_elementary_school_m,0.05966777868674488
households_total,complex_area_rank_pct,0.0595615282343669
log_households_total,complex_area_rank_pct,0.0595615282343669
supply_area_m2,school_count_1000m,0.059516163905101734
supply_area_pyeong,school_count_1000m,0.059509752064270276
lat,complex_size_count,0.059373276003544695
school_count_1000m,gu_pp_premium_pct,0.05912404292803711
hospital_count_5000m,jeonse_price_per_exclusive_pyeong,0.0586202493857598
households_by_size,nearest_middle_school_m,0.05848700499424628
nearest_middle_school_m,log_households_by_size,0.05848700499424628
households_total,nearest_station_m,0.05818082524416541
nearest_station_m,log_households_total,0.05818082524416541
elementary_school_count_1000m,size_household_share,0.057851837079051394
building_coverage_ratio,hospital_doctor_sum_5000m,0.05782343178115081
nearest_tertiary_hospital_m,built_month,0.05758516718206596
nearest_school_m,hospital_count_5000m,0.057541566392168134
households_by_size,floor_area_ratio,0.05749835995772744
floor_area_ratio,log_households_by_size,0.05749835995772744
lat,supply_area_m2,0.05723894314669307
lat,supply_area_pyeong,0.05723044066904871
size_household_share,sale_price_per_supply_pyeong,0.05709597842149174
supply_area_m2,sale_price_per_exclusive_pyeong,0.05647345407316942
supply_area_pyeong,sale_price_per_exclusive_pyeong,0.05646965419140939
floor_area_ratio,sale_price_per_exclusive_pyeong,0.056447935455675544
built_month,jeonse_price_per_exclusive_pyeong,0.05644646402667107
middle_school_count_1000m,hospital_doctor_sum_3000m,0.05615923857941291
exclusive_area_m2,school_count_1000m,0.05615196683196439
exclusive_area_pyeong,school_count_1000m,0.05596078664246211
floor_area_ratio,nearest_hospital_m,0.05576751291324598
lat,station_count_500m,0.055747874541200435
kb_price_gap_manwon,middle_school_count_1000m,0.05538878860324379
contract_area_pyeong,built_month,0.05534288038083097
middle_school_count_1000m,sale_price_per_supply_pyeong,0.05480912867245787
kb_jeonse_ratio_pct,built_month,0.05479121275877312
station_count_500m,built_year,0.05468311684358803
nearest_high_school_m,complex_size_count,0.05410201662921944
built_yyyymm,station_count_500m,0.05383562418520933
supply_area_m2,middle_school_count_1000m,0.053643358641566656
supply_area_pyeong,middle_school_count_1000m,0.053638146211232744
lon,supply_area_m2,0.053083856218598735
lon,supply_area_pyeong,0.05308300656106738
station_count_500m,building_age_years,0.052974520714233926
station_count_500m,nearest_hospital_m,0.052798359470795135
middle_school_count_1000m,built_year,0.052761497360838704
built_yyyymm,middle_school_count_1000m,0.05241168988876932
middle_school_count_1000m,hospital_doctor_sum_5000m,0.052196464079616735
building_coverage_ratio,nearest_hospital_m,0.05219470453604786
nearest_station_m,nearest_elementary_school_m,0.052192533887613864
contract_area_pyeong,nearest_station_m,0.05185494116119027
middle_school_count_1000m,building_age_years,0.05163538279116961
kb_jeonse_ratio_pct,station_count_500m,0.051518812411493385
kb_jeonse_price_manwon,built_month,0.05148531593091717
built_yyyymm,nearest_hospital_m,0.05136274319513489
kb_jeonse_price_manwon,hospital_count_5000m,0.05128364449717991
kb_jeonse_ratio_pct,nearest_hospital_m,0.05116411946404073
kb_jeonse_ratio_pct,nearest_elementary_school_m,0.05112922169109127
lon,contract_area_pyeong,0.05098691049611579
nearest_elementary_school_m,hospital_doctor_sum_5000m,0.05084584467341924
households_by_size,station_count_500m,0.050675456466155996
station_count_500m,log_households_by_size,0.050675456466155996
nearest_hospital_m,building_age_years,0.050538104723397384
nearest_elementary_school_m,tertiary_hospital_count_5000m,0.05050896637068222
middle_school_count_1000m,jeonse_price_per_exclusive_pyeong,0.04973648596502299
hospital_count_5000m,size_household_share,0.04955633866998999
nearest_hospital_m,built_year,0.04955165676559014
middle_school_count_1000m,sale_price_per_exclusive_pyeong,0.04914485372587357
hospital_count_5000m,complex_size_count,0.048633317818678586
exclusive_area_m2,sale_price_per_exclusive_pyeong,0.04860354939117816
supply_area_m2,gu_pp_premium_pct,0.04848664403006313
supply_area_pyeong,gu_pp_premium_pct,0.04847908801732168
nearest_hospital_m,complex_size_count,0.04836992000856871
horizon_months,log_households_total,0.04831803478341743
households_total,horizon_months,0.04831803478341743
kb_price_gap_manwon,nearest_middle_school_m,0.04831022928814193
exclusive_area_pyeong,sale_price_per_exclusive_pyeong,0.04829688112471782
station_count_500m,log_households_total,0.04817812274033307
households_total,station_count_500m,0.04817812274033307
exclusive_area_m2,middle_school_count_1000m,0.04799446913369617
tertiary_hospital_count_5000m,size_household_share,0.04790910849616022
exclusive_area_pyeong,middle_school_count_1000m,0.04759967501652409
floor_area_ratio,school_count_1000m,0.04751602969095569
hospital_count_5000m,sale_price_per_supply_pyeong,0.04742289818129664
nearest_station_m,nearest_middle_school_m,0.04689929268068129
station_count_500m,high_school_count_1000m,0.046605888150397665
middle_school_count_1000m,gu_pp_premium_pct,0.04648286454763317
lon,exclusive_area_m2,0.04629340771288451
lon,exclusive_area_pyeong,0.04611387969672685
built_yyyymm,elementary_school_count_1000m,0.04563456030887026
nearest_station_m,log_households_by_size,0.04543640459945055
households_by_size,nearest_station_m,0.04543640459945055
nearest_station_m,built_year,0.04526978438454112
nearest_elementary_school_m,log_kb_sale_price,0.04526017820951432
kb_sale_price_manwon,nearest_elementary_school_m,0.04526017820951432
kb_jeonse_price_manwon,nearest_elementary_school_m,0.04519062441995705
built_yyyymm,nearest_station_m,0.045042327699022014
size_household_share,sale_price_per_exclusive_pyeong,0.04504132533109766
hospital_doctor_sum_5000m,size_household_share,0.04502465873572528
lon,households_total,0.04496550074290091
lon,log_households_total,0.04496550074290091
exclusive_area_m2,nearest_school_m,0.04457023983489903
nearest_station_m,building_age_years,0.044470548063062845
exclusive_area_pyeong,nearest_school_m,0.04438583702229771
lat,nearest_school_m,0.04434592507873412
hospital_count_5000m,log_kb_sale_price,0.04426763121648316
kb_sale_price_manwon,hospital_count_5000m,0.04426763121648316
elementary_school_count_1000m,built_year,0.044112888310181696
elementary_school_count_1000m,building_age_years,0.04409449759254174
exclusive_area_m2,built_month,0.04396326800838071
hospital_count_3000m,jeonse_price_per_exclusive_pyeong,0.043857595570580124
exclusive_area_pyeong,built_month,0.043824878137779764
horizon_months,sale_price_per_exclusive_pyeong,0.04377886381113393
kb_jeonse_ratio_pct,school_count_1000m,0.04315170660663415
building_coverage_ratio,jeonse_price_per_exclusive_pyeong,0.04309566510508927
nearest_middle_school_m,hospital_count_5000m,0.042989055705209195
building_coverage_ratio,hospital_doctor_sum_3000m,0.042905488429924483
nearest_middle_school_m,sale_price_per_exclusive_pyeong,0.04284352324859529
households_total,contract_area_pyeong,0.04263003250430204
contract_area_pyeong,log_households_total,0.04263003250430204
built_yyyymm,hospital_count_3000m,0.042579281304625044
nearest_elementary_school_m,hospital_doctor_sum_3000m,0.04254324454166038
kb_jeonse_ratio_pct,horizon_months,0.042090099104353934
lat,station_count_1000m,0.04188036077124005
supply_area_m2,built_month,0.04171594270455451
supply_area_pyeong,built_month,0.04171265583372772
nearest_station_m,complex_size_count,0.041598667237702745
households_by_size,horizon_months,0.04153902972399942
horizon_months,log_households_by_size,0.04153902972399942
hospital_count_3000m,building_age_years,0.04141213162769476
hospital_count_3000m,built_year,0.04109699945476535
nearest_middle_school_m,gu_price_rank_pct,0.04059739177129738
nearest_elementary_school_m,nearest_tertiary_hospital_m,0.040461394809211085
kb_jeonse_ratio_pct,lat,0.040311630970794834
nearest_middle_school_m,sale_price_per_supply_pyeong,0.04008106381068438
hospital_count_5000m,sale_price_per_exclusive_pyeong,0.04003103857676425
high_school_count_1000m,complex_size_count,0.0397200476219216
horizon_months,sale_price_per_supply_pyeong,0.03966635276910416
building_age_years,log_households_total,0.03935975736060465
households_total,building_age_years,0.03935975736060465
nearest_school_m,hospital_doctor_sum_3000m,0.0393312264746639
exclusive_area_m2,station_count_500m,0.03907597578310752
hospital_doctor_sum_3000m,built_year,0.039065106097793754
exclusive_area_pyeong,station_count_500m,0.038872105209598475
tertiary_hospital_count_5000m,built_month,0.03856864149401199
nearest_hospital_m,gu_pp_premium_pct,0.038471934192942585
built_yyyymm,hospital_doctor_sum_3000m,0.038097245866826654
kb_sale_price_manwon,built_month,0.03784621005967621
built_month,log_kb_sale_price,0.03784621005967621
station_count_500m,school_count_1000m,0.03783741384128129
hospital_doctor_sum_3000m,size_household_share,0.03756439377454502
supply_area_pyeong,nearest_school_m,0.03751297942191166
supply_area_m2,nearest_school_m,0.037511531018457514
lon,nearest_high_school_m,0.03746137406893879
supply_area_pyeong,station_count_500m,0.03728848356311912
supply_area_m2,station_count_500m,0.03728709777206241
horizon_months,log_kb_sale_price,0.03679128564400275
kb_sale_price_manwon,horizon_months,0.03679128564400275
hospital_doctor_sum_3000m,building_age_years,0.03652757743724328
lon,high_school_count_1000m,0.03646933330183309
nearest_elementary_school_m,built_year,0.03641370366824467
built_yyyymm,nearest_elementary_school_m,0.036337311160200995
lat,built_month,0.03592503734828457
nearest_hospital_m,jeonse_price_per_exclusive_pyeong,0.035864695156793115
kb_jeonse_price_manwon,nearest_school_m,0.03577249022225605
kb_jeonse_ratio_pct,size_household_share,0.035610039931753205
elementary_school_count_1000m,gu_price_rank_pct,0.0353341806157791
station_count_500m,elementary_school_count_1000m,0.035039787743580644
middle_school_count_1000m,hospital_count_5000m,0.034569290524771965
lon,nearest_middle_school_m,0.034535642064745256
kb_jeonse_price_manwon,hospital_count_3000m,0.03453389638593839
lat,hospital_count_3000m,0.03426447286432138
lat,nearest_station_m,0.03404887247111819
nearest_elementary_school_m,building_age_years,0.03402321239436312
nearest_tertiary_hospital_m,size_household_share,0.03371410061209736
building_coverage_ratio,built_month,0.03366834300418167
lon,gu_price_rank_pct,0.03357992046048931
hospital_doctor_sum_3000m,built_month,0.03323661194971979
building_coverage_ratio,hospital_count_3000m,0.03312365192512462
high_school_count_1000m,tertiary_hospital_count_5000m,0.03308668288775036
middle_school_count_1000m,complex_size_count,0.03257108419041226
lon,log_households_by_size,0.032398690405063074
lon,households_by_size,0.032398690405063074
station_count_1000m,log_households_by_size,0.03233654425860376
households_by_size,station_count_1000m,0.03233654425860376
nearest_station_m,elementary_school_count_1000m,0.03211781651198253
building_coverage_ratio,tertiary_hospital_count_5000m,0.03198439056686119
nearest_station_m,middle_school_count_1000m,0.03194626071647866
supply_area_pyeong,nearest_high_school_m,0.03170189494090235
supply_area_m2,nearest_high_school_m,0.03170186562024174
lon,nearest_school_m,0.031696150174279444
supply_area_m2,nearest_station_m,0.03162383179758274
supply_area_pyeong,nearest_station_m,0.031621721697469574
exclusive_area_m2,nearest_station_m,0.031414315591580214
nearest_hospital_m,tertiary_hospital_count_5000m,0.03139516973197823
supply_area_m2,building_coverage_ratio,0.03125867812957612
supply_area_pyeong,building_coverage_ratio,0.0312519076593833
exclusive_area_pyeong,nearest_station_m,0.031243346739424818
lat,built_year,0.03120240716037659
building_coverage_ratio,horizon_months,0.03116277549228685
built_month,sale_price_per_exclusive_pyeong,0.031073501200838734
nearest_high_school_m,size_household_share,0.03096455023892857
hospital_count_3000m,gu_price_rank_pct,0.030867329536309097
floor_area_ratio,sale_price_per_supply_pyeong,0.03081189902489487
hospital_count_3000m,sale_price_per_supply_pyeong,0.0307921116163031
kb_sale_price_manwon,nearest_middle_school_m,0.03070911735455918
nearest_middle_school_m,log_kb_sale_price,0.03070911735455918
contract_area_pyeong,nearest_middle_school_m,0.030633064682639204
exclusive_area_m2,nearest_high_school_m,0.030551441325418795
lat,size_household_share,0.03052845365808821
exclusive_area_pyeong,nearest_high_school_m,0.030482578211223948
station_count_500m,nearest_middle_school_m,0.030389245515607483
built_yyyymm,station_count_1000m,0.03021732940725493
built_month,sale_price_per_supply_pyeong,0.030039645052765906
station_count_1000m,building_age_years,0.029917074462791904
floor_area_ratio,gu_price_rank_pct,0.02989665114453801
station_count_1000m,built_year,0.029687284068514327
hospital_count_3000m,sale_price_per_exclusive_pyeong,0.029596149876269844
building_coverage_ratio,complex_size_count,0.029417835710490992
lat,built_yyyymm,0.02939615295975773
built_month,gu_price_rank_pct,0.02933177618021176
station_count_500m,size_household_share,0.029013443699409898
households_by_size,nearest_hospital_m,0.02894443349803798
nearest_hospital_m,log_households_by_size,0.02894443349803798
high_school_count_1000m,hospital_doctor_sum_3000m,0.028763197473970804
station_count_1000m,size_household_share,0.028401776343886125
nearest_middle_school_m,complex_size_count,0.028293762172238772
nearest_middle_school_m,hospital_doctor_sum_5000m,0.02813281361008518
nearest_middle_school_m,hospital_doctor_sum_3000m,0.028100751251728964
nearest_school_m,gu_price_rank_pct,0.028047554756939878
hospital_count_3000m,built_month,0.0279695949182215
nearest_elementary_school_m,nearest_hospital_m,0.02794690316496615
tertiary_hospital_count_5000m,complex_price_rank_pct,0.027644841820947973
floor_area_ratio,middle_school_count_1000m,0.027604223523606513
kb_price_gap_manwon,hospital_count_5000m,0.0275199763723759
station_count_500m,built_month,0.027462419122358386
tertiary_hospital_count_5000m,complex_area_rank_pct,0.027153627944751624
lat,building_age_years,0.027058306574366184
school_count_1000m,complex_size_count,0.02666036941955762
hospital_doctor_sum_5000m,built_month,0.026422271255384322
nearest_hospital_m,gu_price_rank_pct,0.026273586971754092
lon,elementary_school_count_1000m,0.02625916241529166
households_by_size,hospital_count_3000m,0.02624987601430848
hospital_count_3000m,log_households_by_size,0.02624987601430848
hospital_count_3000m,gu_pp_premium_pct,0.026115360541876215
hospital_count_5000m,built_month,0.026006616209818048
hospital_count_3000m,size_household_share,0.025977943865663825
kb_jeonse_ratio_pct,complex_size_count,0.025739433667182208
hospital_doctor_sum_5000m,complex_area_rank_pct,0.025658698131617794
kb_sale_price_manwon,nearest_school_m,0.02550590192783173
nearest_school_m,log_kb_sale_price,0.02550590192783173
hospital_doctor_sum_5000m,complex_price_rank_pct,0.025460772776555268
lon,nearest_elementary_school_m,0.025002530005557886
building_coverage_ratio,size_household_share,0.024572538225907353
nearest_high_school_m,nearest_tertiary_hospital_m,0.024525558114056368
kb_sale_price_manwon,hospital_count_3000m,0.024423564592914074
hospital_count_3000m,log_kb_sale_price,0.024423564592914074
elementary_school_count_1000m,hospital_doctor_sum_3000m,0.024254747244447927
nearest_hospital_m,built_month,0.02420964113185891
built_yyyymm,school_count_1000m,0.023936469453952013
high_school_count_1000m,size_household_share,0.023854889789621917
lat,nearest_high_school_m,0.02383496118040762
kb_jeonse_price_manwon,nearest_hospital_m,0.023463448372490477
station_count_1000m,log_households_total,0.023408324236663225
households_total,station_count_1000m,0.023408324236663225
school_count_1000m,building_age_years,0.02310652951035424
school_count_1000m,built_year,0.022833370037049033
households_total,built_year,0.022811514030154422
built_year,log_households_total,0.022811514030154422
built_yyyymm,log_households_total,0.022753100237870028
households_total,built_yyyymm,0.022753100237870028
nearest_school_m,jeonse_price_per_exclusive_pyeong,0.02262689907646319
kb_jeonse_ratio_pct,hospital_count_3000m,0.022459715157361334
floor_area_ratio,complex_size_count,0.022233322669238744
nearest_high_school_m,hospital_doctor_sum_5000m,0.022097846607952353
nearest_middle_school_m,jeonse_price_per_exclusive_pyeong,0.021858193210633092
contract_area_pyeong,nearest_high_school_m,0.021798242095088044
nearest_tertiary_hospital_m,complex_price_rank_pct,0.02168211870074323
school_count_1000m,size_household_share,0.021649467349729078
middle_school_count_1000m,size_household_share,0.021555781433589636
nearest_tertiary_hospital_m,complex_area_rank_pct,0.02115525123856803
high_school_count_1000m,hospital_count_3000m,0.020966959026868164
lon,built_month,0.020951242914951075
nearest_elementary_school_m,gu_price_rank_pct,0.020938223074081583
nearest_school_m,complex_size_count,0.020656974095851842
hospital_count_5000m,log_households_total,0.020591310502546523
households_total,hospital_count_5000m,0.020591310502546523
hospital_doctor_sum_3000m,complex_price_rank_pct,0.0201935765783497
kb_price_gap_manwon,built_month,0.020191204074743254
school_count_1000m,hospital_doctor_sum_3000m,0.020117281903313678
nearest_high_school_m,nearest_hospital_m,0.019973350016653624
kb_price_gap_manwon,nearest_elementary_school_m,0.0199583954178299
nearest_school_m,nearest_hospital_m,0.01988068529407482
building_coverage_ratio,hospital_count_5000m,0.019880231025486857
hospital_doctor_sum_3000m,complex_area_rank_pct,0.019665873595302107
lon,complex_size_count,0.019537063110442527
hospital_count_3000m,complex_size_count,0.019395285546687742
hospital_doctor_sum_5000m,log_households_by_size,0.019077879099195214
households_by_size,hospital_doctor_sum_5000m,0.019077879099195214
station_count_1000m,middle_school_count_1000m,0.01888224388570427
high_school_count_1000m,sale_price_per_exclusive_pyeong,0.018584826180629184
nearest_hospital_m,size_household_share,0.01848142872757234
nearest_middle_school_m,size_household_share,0.01800640340755268
households_total,tertiary_hospital_count_5000m,0.017666412178863538
tertiary_hospital_count_5000m,log_households_total,0.017666412178863538
high_school_count_1000m,sale_price_per_supply_pyeong,0.01760562517604376
nearest_elementary_school_m,complex_size_count,0.017416346407366022
kb_price_gap_manwon,hospital_count_3000m,0.017296438278408547
households_by_size,hospital_doctor_sum_3000m,0.017066480932762
hospital_doctor_sum_3000m,log_households_by_size,0.017066480932762
exclusive_area_m2,log_households_by_size,0.016875486089479183
exclusive_area_m2,households_by_size,0.016875486089479183
nearest_elementary_school_m,hospital_count_3000m,0.016829296874959685
station_count_1000m,nearest_high_school_m,0.016813127323151003
exclusive_area_pyeong,log_households_by_size,0.016708219771257953
exclusive_area_pyeong,households_by_size,0.016708219771257953
nearest_tertiary_hospital_m,log_households_by_size,0.01663235944753295
households_by_size,nearest_tertiary_hospital_m,0.01663235944753295
built_yyyymm,hospital_count_5000m,0.016328069868764214
households_total,built_month,0.01627825887265787
built_month,log_households_total,0.01627825887265787
lat,gu_pp_premium_pct,0.016254268681109695
nearest_station_m,built_month,0.015955953539229968
high_school_count_1000m,built_year,0.015806489052113556
nearest_middle_school_m,nearest_tertiary_hospital_m,0.015590097310641688
elementary_school_count_1000m,built_month,0.015381375935087751
horizon_months,gu_pp_premium_pct,0.015276997314905045
hospital_count_5000m,built_year,0.015269631200396776
hospital_count_5000m,building_age_years,0.015074958247930294
kb_price_gap_manwon,high_school_count_1000m,0.014746416468349817
station_count_1000m,complex_price_rank_pct,0.014714326430580512
built_yyyymm,high_school_count_1000m,0.014672421864061211
high_school_count_1000m,building_age_years,0.014607146921806454
nearest_elementary_school_m,jeonse_price_per_exclusive_pyeong,0.014579646610939957
supply_area_m2,households_by_size,0.014478443635131443
supply_area_m2,log_households_by_size,0.014478443635131443
supply_area_pyeong,households_by_size,0.014473779641144647
supply_area_pyeong,log_households_by_size,0.014473779641144647
kb_jeonse_price_manwon,nearest_middle_school_m,0.014358038160151217
nearest_elementary_school_m,size_household_share,0.014178100439798221
kb_jeonse_price_manwon,kb_jeonse_ratio_pct,0.014173953968632283
nearest_school_m,size_household_share,0.014164521562314177
station_count_1000m,complex_area_rank_pct,0.014158700355852493
contract_area_pyeong,hospital_count_5000m,0.014021107847577027
nearest_hospital_m,log_kb_sale_price,0.013970610893588083
kb_sale_price_manwon,nearest_hospital_m,0.013970610893588083
nearest_station_m,size_household_share,0.013791615513129133
middle_school_count_1000m,nearest_tertiary_hospital_m,0.013728566766885239
school_count_1000m,gu_price_rank_pct,0.013535326731560281
households_by_size,tertiary_hospital_count_5000m,0.013521264488511046
tertiary_hospital_count_5000m,log_households_by_size,0.013521264488511046
contract_area_pyeong,horizon_months,0.013293290679283462
nearest_high_school_m,built_month,0.012993720595516688
built_month,complex_size_count,0.012941812519504749
station_count_500m,complex_price_rank_pct,0.012891483438597622
station_count_500m,complex_area_rank_pct,0.012826149363271911
exclusive_area_m2,hospital_count_3000m,0.012227905643283741
lon,school_count_1000m,0.0122184417931968
households_total,nearest_hospital_m,0.01214079423981479
nearest_hospital_m,log_households_total,0.01214079423981479
exclusive_area_pyeong,hospital_count_3000m,0.012133311179781852
nearest_high_school_m,building_age_years,0.012029815136744858
log_households_total,complex_sale_price_premium_pct,0.011926313068879176
households_total,complex_sale_price_premium_pct,0.011926313068879176
kb_jeonse_ratio_pct,hospital_count_5000m,0.011910286424569967
high_school_count_1000m,built_month,0.011858111956379362
nearest_high_school_m,hospital_doctor_sum_3000m,0.01179407974047147
high_school_count_1000m,log_kb_sale_price,0.011580749617360761
kb_sale_price_manwon,high_school_count_1000m,0.011580749617360761
nearest_high_school_m,complex_price_rank_pct,0.011568248828935724
contract_area_pyeong,hospital_count_3000m,0.011340138236621496
middle_school_count_1000m,built_month,0.011337502136776655
nearest_hospital_m,sale_price_per_supply_pyeong,0.01132188192100522
lat,complex_area_rank_pct,0.011321831620789995
kb_jeonse_price_manwon,high_school_count_1000m,0.011205680065374335
built_yyyymm,nearest_high_school_m,0.011037593222953482
nearest_hospital_m,sale_price_per_exclusive_pyeong,0.010975119314493869
kb_jeonse_ratio_pct,high_school_count_1000m,0.010942666495068277
nearest_high_school_m,built_year,0.010888407159210975
nearest_high_school_m,complex_area_rank_pct,0.010879343442102375
lat,complex_price_rank_pct,0.010864229062538656
floor_area_ratio,size_household_share,0.010781452724227758
supply_area_pyeong,horizon_months,0.010604539765146222
supply_area_m2,horizon_months,0.01060306781002716
horizon_months,gu_price_rank_pct,0.010447798501990565
high_school_count_1000m,jeonse_price_per_exclusive_pyeong,0.010292116892396256
floor_area_ratio,complex_area_rank_pct,0.010081011726604637
horizon_months,complex_size_count,0.009893615149518769
high_school_count_1000m,complex_price_rank_pct,0.009663475279575144
building_coverage_ratio,complex_price_rank_pct,0.009625862546753667
floor_area_ratio,complex_price_rank_pct,0.009519057772564008
built_month,size_household_share,0.009496986666100136
school_count_1000m,built_month,0.009463016552606908
high_school_count_1000m,complex_area_rank_pct,0.009362121448729437
lat,nearest_middle_school_m,0.009148799103207159
floor_area_ratio,horizon_months,0.009006466017113496
exclusive_area_pyeong,building_coverage_ratio,0.00871385623706913
lon,size_household_share,0.00862800132187273
station_count_1000m,high_school_count_1000m,0.008587079590472134
station_count_1000m,school_count_1000m,0.008583484988842639
horizon_months,nearest_elementary_school_m,0.008505796481329052
exclusive_area_m2,building_coverage_ratio,0.008390754759140029
station_count_1000m,elementary_school_count_1000m,0.008329716338025922
building_coverage_ratio,complex_area_rank_pct,0.008259424843219535
elementary_school_count_1000m,complex_price_rank_pct,0.008259379046178524
nearest_high_school_m,tertiary_hospital_count_5000m,0.008219545650761962
elementary_school_count_1000m,complex_area_rank_pct,0.008156511309436204
elementary_school_count_1000m,complex_pp_premium_pct,0.007941726705597915
nearest_hospital_m,complex_sale_price_premium_pct,0.007898802659710746
built_month,complex_sale_price_premium_pct,0.007831101145457531
nearest_station_m,complex_area_rank_pct,0.007805925474065521
nearest_elementary_school_m,hospital_count_5000m,0.007562699904903496
high_school_count_1000m,complex_pp_premium_pct,0.007532216687484975
nearest_station_m,complex_price_rank_pct,0.007457728948284856
horizon_months,nearest_school_m,0.007380350860279032
high_school_count_1000m,hospital_count_5000m,0.007226824469559043
kb_price_gap_manwon,floor_area_ratio,0.0071967803344773025
nearest_elementary_school_m,sale_price_per_supply_pyeong,0.007044366918887756
hospital_count_3000m,complex_sale_price_premium_pct,0.006944270093570648
school_count_1000m,complex_pp_premium_pct,0.006704913518580628
built_month,complex_area_rank_pct,0.006660680688120726
building_coverage_ratio,complex_sale_price_premium_pct,0.006637403242843337
hospital_count_5000m,complex_area_rank_pct,0.006597293688624316
contract_area_pyeong,high_school_count_1000m,0.00655646763896495
nearest_school_m,hospital_count_3000m,0.006476202375844474
lon,hospital_count_3000m,0.00647303383198329
hospital_doctor_sum_5000m,complex_pp_premium_pct,0.006435067661035702
nearest_middle_school_m,complex_sale_price_premium_pct,0.006365621529212814
hospital_count_5000m,complex_price_rank_pct,0.006296029276532837
nearest_hospital_m,complex_area_rank_pct,0.0061414385409632325
nearest_high_school_m,complex_sale_price_premium_pct,0.00611730127989852
built_month,log_households_by_size,0.006028087260064781
households_by_size,built_month,0.006028087260064781
nearest_hospital_m,complex_price_rank_pct,0.0059011598594317476
elementary_school_count_1000m,gu_pp_premium_pct,0.005868263526008781
built_month,complex_pp_premium_pct,0.005780408862833919
floor_area_ratio,complex_sale_price_premium_pct,0.0057573061146614524
nearest_school_m,sale_price_per_exclusive_pyeong,0.005629865623328722
elementary_school_count_1000m,complex_sale_price_premium_pct,0.005583534997145233
horizon_months,complex_price_rank_pct,0.005442042641707329
station_count_1000m,built_month,0.005387762317317722
hospital_count_3000m,complex_area_rank_pct,0.00538676228256539
lat,horizon_months,0.005354695629471715
size_household_share,complex_sale_price_premium_pct,0.005339603919441313
horizon_months,complex_area_rank_pct,0.005279758845447323
hospital_doctor_sum_3000m,log_households_total,0.0052741546714466705
households_total,hospital_doctor_sum_3000m,0.0052741546714466705
lon,complex_sale_price_premium_pct,0.005260729541886706
nearest_school_m,built_month,0.005196084260005731
station_count_1000m,complex_sale_price_premium_pct,0.00512381398850562
tertiary_hospital_count_5000m,complex_pp_premium_pct,0.0050795440456370905
built_year,complex_sale_price_premium_pct,0.004945162159541344
building_age_years,complex_pp_premium_pct,0.004862361873699302
built_month,complex_price_rank_pct,0.004858501125223601
hospital_count_3000m,complex_price_rank_pct,0.004735578569746526
built_year,complex_pp_premium_pct,0.0046913591347676475
horizon_months,nearest_hospital_m,0.004688486303594457
complex_size_count,complex_sale_price_premium_pct,0.004557037035322106
built_yyyymm,complex_sale_price_premium_pct,0.004548033855754474
built_yyyymm,complex_pp_premium_pct,0.00448542338998057
contract_area_pyeong,nearest_hospital_m,0.004433245361717438
nearest_elementary_school_m,built_month,0.004406348008699271
built_month,gu_pp_premium_pct,0.004324656594556011
horizon_months,nearest_high_school_m,0.00425831251379539
exclusive_area_m2,horizon_months,0.004242344164468659
exclusive_area_pyeong,horizon_months,0.004216813327170909
households_total,hospital_count_3000m,0.00415161394129869
hospital_count_3000m,log_households_total,0.00415161394129869
horizon_months,elementary_school_count_1000m,0.004030635818463006
horizon_months,hospital_doctor_sum_3000m,0.003977818804731911
lat,gu_price_rank_pct,0.003945700048532804
lat,complex_pp_premium_pct,0.0037953095447304445
exclusive_area_pyeong,high_school_count_1000m,0.003792286530894003
horizon_months,size_household_share,0.0037743757886217785
nearest_elementary_school_m,complex_price_rank_pct,0.0037653360679364245
exclusive_area_m2,high_school_count_1000m,0.0037606153963422304
middle_school_count_1000m,complex_price_rank_pct,0.0036699590015267488
middle_school_count_1000m,complex_area_rank_pct,0.0036565793253182086
kb_price_gap_manwon,horizon_months,0.0035852799418806245
building_age_years,complex_sale_price_premium_pct,0.0035219206960743123
nearest_school_m,complex_price_rank_pct,0.003468576415176264
hospital_count_5000m,complex_pp_premium_pct,0.003404185798666187
hospital_count_5000m,complex_sale_price_premium_pct,0.0033852190051747904
nearest_school_m,complex_area_rank_pct,0.0032894107760557123
supply_area_m2,hospital_count_3000m,0.003283716671744005
nearest_middle_school_m,complex_pp_premium_pct,0.0032782624254178196
supply_area_pyeong,hospital_count_3000m,0.003272793545654434
log_households_total,complex_pp_premium_pct,0.0032347721426162638
households_total,complex_pp_premium_pct,0.0032347721426162638
building_coverage_ratio,complex_pp_premium_pct,0.003205310571272887
nearest_middle_school_m,built_month,0.003171846106825064
exclusive_area_m2,nearest_middle_school_m,0.003153719274423376
horizon_months,nearest_middle_school_m,0.0031524733696652375
horizon_months,hospital_count_5000m,0.003090323662629191
middle_school_count_1000m,complex_sale_price_premium_pct,0.0030875556976884882
hospital_doctor_sum_3000m,complex_sale_price_premium_pct,0.003078627278171254
exclusive_area_pyeong,nearest_middle_school_m,0.0030784764362109716
station_count_500m,middle_school_count_1000m,0.0030627263596712515
lon,complex_area_rank_pct,0.0030245228610210144
size_household_share,gu_pp_premium_pct,0.0029417572970198338
nearest_elementary_school_m,complex_area_rank_pct,0.0028187161525040994
exclusive_area_m2,hospital_count_5000m,0.0027373161484085325
exclusive_area_pyeong,hospital_count_5000m,0.002674862388077406
supply_area_pyeong,nearest_middle_school_m,0.0026655258370632743
supply_area_m2,nearest_middle_school_m,0.00266437158586397
hospital_doctor_sum_5000m,complex_sale_price_premium_pct,0.0026254323018763937
horizon_months,station_count_1000m,0.0026247003813403115
kb_price_gap_manwon,nearest_school_m,0.002566805212712305
horizon_months,built_month,0.0025322494999410086
horizon_months,complex_sale_price_premium_pct,0.0025047531750807157
school_count_1000m,complex_sale_price_premium_pct,0.0023940774960954144
horizon_months,complex_pp_premium_pct,0.002309977606433116
households_total,nearest_tertiary_hospital_m,0.0022766148686072718
nearest_tertiary_hospital_m,log_households_total,0.0022766148686072718
nearest_school_m,sale_price_per_supply_pyeong,0.00216060177417002
hospital_count_3000m,complex_pp_premium_pct,0.0020959843313726515
nearest_station_m,complex_pp_premium_pct,0.0020393047019831565
lon,complex_pp_premium_pct,0.002029283393017753
station_count_1000m,nearest_middle_school_m,0.0019593914622179575
high_school_count_1000m,complex_sale_price_premium_pct,0.001919233748165542
station_count_1000m,complex_pp_premium_pct,0.0019077910513589482
horizon_months,nearest_station_m,0.001899751825790726
horizon_months,school_count_1000m,0.001855606930288445
station_count_500m,complex_pp_premium_pct,0.001713316660781987
nearest_school_m,complex_sale_price_premium_pct,0.0017050900642307904
middle_school_count_1000m,gu_price_rank_pct,0.0016944178485140441
tertiary_hospital_count_5000m,complex_sale_price_premium_pct,0.0016611357279762867
nearest_middle_school_m,complex_area_rank_pct,0.0015981134129058674
nearest_tertiary_hospital_m,complex_sale_price_premium_pct,0.001593510266780673
hospital_doctor_sum_3000m,complex_pp_premium_pct,0.001535975389949052
kb_jeonse_ratio_pct,middle_school_count_1000m,0.0015218174050379634
exclusive_area_m2,nearest_hospital_m,0.0014975798245299172
horizon_months,nearest_tertiary_hospital_m,0.0014157755882313256
nearest_middle_school_m,complex_price_rank_pct,0.0013413343007701547
horizon_months,high_school_count_1000m,0.0013212957280783737
horizon_months,tertiary_hospital_count_5000m,0.0013140422497735541
horizon_months,hospital_doctor_sum_5000m,0.001314017981139697
nearest_hospital_m,complex_pp_premium_pct,0.0012724971553523682
kb_price_gap_manwon,nearest_hospital_m,0.0012464919358740664
nearest_high_school_m,complex_pp_premium_pct,0.0012428635073148256
lat,complex_sale_price_premium_pct,0.0012253775700335882
nearest_elementary_school_m,complex_sale_price_premium_pct,0.00116459219144769
horizon_months,station_count_500m,0.0011494690178689467
lon,built_year,0.001131195525212329
nearest_elementary_school_m,complex_pp_premium_pct,0.0011192715666436498
households_by_size,complex_sale_price_premium_pct,0.0011081996736201404
log_households_by_size,complex_sale_price_premium_pct,0.0011081996736201404
supply_area_pyeong,nearest_hospital_m,0.0010870330956294814
supply_area_m2,nearest_hospital_m,0.0010786287265726448
exclusive_area_pyeong,nearest_hospital_m,0.0010447473795347864
floor_area_ratio,complex_pp_premium_pct,0.0009977391446927232
supply_area_pyeong,hospital_count_5000m,0.0009700567983822873
supply_area_m2,hospital_count_5000m,0.000959815283043965
lon,complex_price_rank_pct,0.0009503476352496294
station_count_500m,complex_sale_price_premium_pct,0.0009410565433433282
nearest_school_m,complex_pp_premium_pct,0.0009392738305073517
lon,building_age_years,0.0008858811350938115
lon,built_yyyymm,0.0008744157611639626
supply_area_pyeong,high_school_count_1000m,0.0008303887868800411
supply_area_m2,high_school_count_1000m,0.0008207664239031848
lon,horizon_months,0.0007853745374812882
nearest_tertiary_hospital_m,complex_pp_premium_pct,0.0007422000548394159
middle_school_count_1000m,complex_pp_premium_pct,0.0005182508225695725
horizon_months,hospital_count_3000m,0.0005073052634508563
hospital_doctor_sum_5000m,log_households_total,0.00047325532443774306
households_total,hospital_doctor_sum_5000m,0.00047325532443774306
nearest_station_m,complex_sale_price_premium_pct,0.0004327230057677702
complex_size_count,complex_pp_premium_pct,0.00043094805861502956
contract_area_pyeong,gu_pp_premium_pct,0.00031054763123968096
horizon_months,built_year,0.00024473867356198336
school_count_1000m,complex_price_rank_pct,0.00023275931909930096
school_count_1000m,complex_area_rank_pct,0.00022385958877007382
horizon_months,middle_school_count_1000m,0.00017778261419177236
nearest_elementary_school_m,sale_price_per_exclusive_pyeong,0.00011888030589282092
lon,building_coverage_ratio,8.359044216406474e-05
floor_area_ratio,elementary_school_count_1000m,3.874439865285762e-05
built_yyyymm,horizon_months,4.817953938125056e-06
