id,name,type,lat,lon,address,doctor_count,phone,source
hospital:JDQ4MTYyMiM1MSMkMSMkMCMkODkkMzgxMzUxIzExIyQxIyQzIyQ3OSQzNjEwMDIjODEjJDEjJDIjJDgz,가톨릭대학교 성빈센트병원,상급종합,37.2779855,127.0274271,"경기도 수원시 팔달구 중부대로 93, (지동)",370,031-1577-8588,건강보험심사평가원_병원정보서비스_v2
hospital:JDQ4MTYyMiM1MSMkMSMkMCMkODkkMzgxMzUxIzExIyQxIyQzIyQ3OSQyNjE4MzIjNDEjJDEjJDgjJDgz,가톨릭대학교인천성모병원,상급종합,37.4848309,126.7248987,"인천광역시 부평구 동수로 56, (부평동)",334,032-1544-9004,건강보험심사평가원_병원정보서비스_v2
hospital:JDQ4MTYyMiM1MSMkMSMkNCMkODkkMzgxMzUxIzExIyQxIyQzIyQ4OSQ0NjEwMDIjNDEjJDEjJDgjJDgz,강릉아산병원,상급종합,37.8184324,128.8578411,"강원특별자치도 강릉시 사천면 방동길 38-0, 강릉아산병원",247,033-610-3114,건강보험심사평가원_병원정보서비스_v2
hospital:JDQ4MTg4MSM1MSMkMSMkMCMkODkkMzgxMzUxIzExIyQxIyQzIyQ3OSQ0NjEwMDIjNjEjJDEjJDQjJDgz,강북삼성병원,상급종합,37.5684083,126.96775,"서울특별시 종로구 새문안로 29, (평동)",403,02-2001-2001,건강보험심사평가원_병원정보서비스_v2
hospital:JDQ4MTg4MSM1MSMkMSMkMCMkODkkMzgxMzUxIzExIyQxIyQzIyQ2MiQyNjE4MzIjNjEjJDEjJDQjJDgz,건국대학교병원,상급종합,37.5403764,127.0718276,"서울특별시 광진구 능동로 120-1, (화양동)",401,1588-1533,건강보험심사평가원_병원정보서비스_v2
hospital:JDQ4MTYyMiM4MSMkMSMkMCMkODkkMzgxMzUxIzExIyQxIyQzIyQ3OSQyNjEwMDIjNzEjJDEjJDgjJDgz,경북대학교병원,상급종합,35.8662525,128.604703,"대구광역시 중구 동덕로 130, (삼덕동2가, 경북대학교병원)",452,053-200-5114,건강보험심사평가원_병원정보서비스_v2
hospital:JDQ4MTYyMiM4MSMkMSMkNCMkODkkMzgxMzUxIzExIyQxIyQzIyQ5OSQyNjEwMDIjNjEjJDEjJDQjJDgz,경상국립대학교병원,상급종합,35.1759944,128.0964924,"경상남도 진주시 강남로 79, (칠암동)",275,055-750-8000,건강보험심사평가원_병원정보서비스_v2
hospital:JDQ4MTg4MSM1MSMkMSMkMCMkODkkMzgxMzUxIzExIyQxIyQzIyQ4OSQzNjEyMjIjODEjJDEjJDIjJDgz,경희대학교병원,상급종합,37.5941195,127.051852,"서울특별시 동대문구 경희대로 23, (회기동)",424,02-958-8114,건강보험심사평가원_병원정보서비스_v2
hospital:JDQ4MTYyMiM4MSMkMSMkMCMkODkkMzgxMzUxIzExIyQxIyQzIyQ3OSQyNjEyMjIjNjEjJDEjJDQjJDgz,계명대학교동산병원,상급종합,35.8538856,128.4801315,"대구광역시 달서구 달구벌대로 1035, (신당동)",378,1577-6622,건강보험심사평가원_병원정보서비스_v2
hospital:JDQ4MTg4MSM1MSMkMSMkMCMkODkkMzgxMzUxIzExIyQxIyQzIyQ2MiQ0NjEwMDIjNjEjJDEjJDAjJDgz,고려대학교의과대학부속구로병원,상급종합,37.492052,126.8848701,"서울특별시 구로구 구로동로 148, 고려대부속구로병원 (구로동)",521,02-2626-1114,건강보험심사평가원_병원정보서비스_v2
hospital:JDQ4MTYyMiM1MSMkMSMkMCMkODkkMzgxMzUxIzExIyQxIyQzIyQ5OSQzNjEwMDIjNTEjJDEjJDIjJDgz,고려대학교의과대학부속안산병원,상급종합,37.3185144,126.8249033,"경기도 안산시 단원구 적금로 123, (고잔동)",378,031-1577-7516,건강보험심사평가원_병원정보서비스_v2
hospital:JDQ4MTAxMiM1MSMkMSMkMCMkODkkMzgxMzUxIzExIyQxIyQzIyQ3OSQyNjE4MzIjODEjJDEjJDYjJDgz,고신대학교복음병원,상급종합,35.0809636,129.0139595,"부산광역시 서구 감천로 262, (암남동)",298,990-6114,건강보험심사평가원_병원정보서비스_v2
hospital:JDQ4MTYyMiM2MSMkMSMkMiMkODkkMzgxMzUxIzExIyQxIyQzIyQ4OSQ0NjEwMDIjODEjJDEjJDYjJDgz,단국대학교의과대학부속병원,상급종합,36.8415904,127.172575,"충청남도 천안시 동남구 망향로 201,  (안서동)",324,041-1588-0063,건강보험심사평가원_병원정보서비스_v2
hospital:JDQ4MTYyMiM4MSMkMSMkMCMkODkkMzgxMzUxIzExIyQxIyQzIyQ3OSQ0NjEwMDIjNTEjJDEjJDIjJDgz,대구가톨릭대학교병원,상급종합,35.8436078,128.5679969,"대구광역시 남구 두류공원로17길 33, (대명동)",304,053-650-3000,건강보험심사평가원_병원정보서비스_v2
hospital:JDQ4MTAxMiM1MSMkMSMkMCMkODkkMzgxMzUxIzExIyQyIyQzIyQwMCQ0NjEwMDIjNDEjJDEjJDQjJDgz,동아대학교병원,상급종합,35.1201682,129.0175391,"부산광역시 서구 대신공원로 26, (동대신동3가)",309,051-240-2400,건강보험심사평가원_병원정보서비스_v2
hospital:JDQ4MTAxMiM1MSMkMSMkMCMkODkkMzgxMzUxIzExIyQxIyQzIyQ3OSQyNjEyMjIjNDEjJDEjJDgjJDgz,부산대학교병원,상급종합,35.1008477,129.0188032,"부산광역시 서구 구덕로 179, (아미동1가)",512,240-7000,건강보험심사평가원_병원정보서비스_v2
hospital:JDQ4MTYyMiM1MSMkMSMkMCMkODkkMzgxMzUxIzExIyQxIyQzIyQwMyQyNjEwMDIjNTEjJDEjJDYjJDgz,분당서울대학교병원,상급종합,37.3516694,127.1234066,"경기도 성남시 분당구 구미로173번길 82, (구미동, 분당서울대학교병원)",779,031-787-2114,건강보험심사평가원_병원정보서비스_v2
hospital:JDQ4MTg4MSM1MSMkMSMkMCMkODkkMzgxMzUxIzExIyQxIyQzIyQxMyQzNjEwMDIjODEjJDEjJDIjJDgz,삼성서울병원,상급종합,37.4882977,127.0851508,"서울특별시 강남구 일원로 81, (일원동, 삼성의료원)",1348,02-3410-2114,건강보험심사평가원_병원정보서비스_v2
hospital:JDQ4MTg4MSM1MSMkMSMkMCMkODkkMzgxMzUxIzExIyQxIyQzIyQ3OSQzNjE4MzIjODEjJDEjJDYjJDgz,서울대학교병원,상급종합,37.5797151,126.9990168,"서울특별시 종로구 대학로 101, (연건동)",1556,1588-5700,건강보험심사평가원_병원정보서비스_v2
hospital:JDQ4MTYyMiM1MSMkMSMkMCMkODkkMzgxMzUxIzExIyQxIyQzIyQ5MiQzNjEyMjIjNzEjJDEjJDgjJDgz,순천향대학교부속부천병원,상급종합,37.4986998,126.7629626,"경기도 부천시 원미구 조마루로 170, 부흥로 173(1층일부) (중동)",374,032-621-5114,건강보험심사평가원_병원정보서비스_v2
hospital:JDQ4MTYyMiM1MSMkMSMkMCMkODkkMzgxMzUxIzExIyQxIyQzIyQ2MiQzNjE4MzIjNTEjJDEjJDYjJDgz,아주대학교병원,상급종합,37.2794612,127.0476837,"경기도 수원시 영통구 월드컵로 164, (원천동)",652,031-219-5114,건강보험심사평가원_병원정보서비스_v2
hospital:JDQ4MTYyMiM4MSMkMSMkNCMkODkkMzgxMzUxIzExIyQxIyQzIyQ3MiQyNjE0ODEjODEjJDEjJDYjJDgz,양산부산대학교병원,상급종합,35.3281501,129.0057274,"경상남도 양산시 물금읍 금오로 20, (물금읍)",462,055-360-1000,건강보험심사평가원_병원정보서비스_v2
hospital:JDQ4MTYyMiM1MSMkMSMkNCMkODkkMzgxMzUxIzExIyQxIyQzIyQ3OSQyNjE4MzIjNjEjJDEjJDQjJDgz,연세대학교 원주세브란스기독병원,상급종합,37.3490013,127.9456638,"강원특별자치도 원주시 일산로 20-0,  (일산동)",391,033-741-0114,건강보험심사평가원_병원정보서비스_v2
hospital:JDQ4MTg4MSM1MSMkMSMkMCMkODkkMzgxMzUxIzExIyQxIyQzIyQ2MiQzNjE0ODEjNTEjJDEjJDYjJDgz,연세대학교의과대학 강남세브란스병원,상급종합,37.4929296,127.0462683,"서울특별시 강남구 언주로 211, 강남세브란스병원 (도곡동)",534,02-2019-3114,건강보험심사평가원_병원정보서비스_v2
hospital:JDQ4MTg4MSM1MSMkMSMkMCMkODkkMzgxMzUxIzExIyQxIyQzIyQ5OSQyNjE0ODEjNjEjJDEjJDgjJDgz,연세대학교의과대학세브란스병원,상급종합,37.5623446,126.9408265,"서울특별시 서대문구 연세로 50-1, (신촌동)",1363,02-2228-0114,건강보험심사평가원_병원정보서비스_v2
hospital:JDQ4MTYyMiM4MSMkMSMkMCMkODkkMzgxMzUxIzExIyQxIyQzIyQ4OSQzNjE0ODEjODEjJDEjJDYjJDgz,영남대학교병원,상급종합,35.848107,128.58205,"대구광역시 남구 현충로 170, (대명동)",350,053-623-8001,건강보험심사평가원_병원정보서비스_v2
hospital:JDQ4MTYyMiM2MSMkMSMkNiMkODkkMzgxMzUxIzExIyQxIyQzIyQ3OSQzNjEyMjIjNDEjJDEjJDgjJDgz,원광대학교병원,상급종합,35.9646389,126.9595793,"전북특별자치도 익산시 무왕로 895, (신동)",274,063-859-1114,건강보험심사평가원_병원정보서비스_v2
hospital:JDQ4MTYyMiM1MSMkMSMkMCMkODkkMzgxMzUxIzExIyQyIyQzIyQwMCQyNjE0ODEjODEjJDEjJDYjJDgz,의료법인 길의료재단 길병원,상급종합,37.452171,126.7092258,"인천광역시 남동구 남동대로774번길 21-0, 의료법인길의료재단길병원",465,,건강보험심사평가원_병원정보서비스_v2
hospital:JDQ4MTg4MSM1MSMkMSMkMCMkODkkMzgxMzUxIzExIyQxIyQzIyQxMyQyNjEwMDIjNjEjJDEjJDQjJDgz,이화여자대학교의과대학부속목동병원,상급종합,37.536602,126.8862043,"서울특별시 양천구 안양천로 1071, (목동)",425,02-2650-5114,건강보험심사평가원_병원정보서비스_v2
hospital:JDQ4MTAxMiM1MSMkMSMkMCMkODkkMzgxMzUxIzExIyQxIyQzIyQ3OSQzNjEyMjIjNTEjJDEjJDYjJDgz,인제대학교부산백병원,상급종합,35.1461809,129.0208925,"부산광역시 부산진구 복지로 75, 진사로83번길 75, 진사로83번길 81, 1층(일부), 3층 (개금동)",363,051-890-6114,건강보험심사평가원_병원정보서비스_v2
hospital:JDQ4MTYyMiM1MSMkMSMkMCMkODkkMzgxMzUxIzExIyQxIyQzIyQ3MiQzNjEwMDIjNjEjJDEjJDAjJDgz,인하대학교의과대학부속병원,상급종합,37.4586786,126.6340954,"인천광역시 중구 인항로 27-0, 인하대학병원",396,032-890-2114,건강보험심사평가원_병원정보서비스_v2
hospital:JDQ4MTg4MSM1MSMkMSMkMCMkODkkMzgxMzUxIzExIyQxIyQzIyQwMyQyNjE0ODEjNDEjJDEjJDQjJDgz,재단법인아산사회복지재단 서울아산병원,상급종합,37.5265762,127.107935,"서울특별시 송파구 올림픽로43길 88, 서울아산병원 (풍납동)",1569,02-3010-3114,건강보험심사평가원_병원정보서비스_v2
hospital:JDQ4MTYyMiM3MSMkMSMkMCMkODkkMzgxMzUxIzExIyQxIyQzIyQ3OSQyNjEwMDIjNTEjJDEjJDYjJDgz,전남대학교병원,상급종합,35.1418094,126.9215805,"광주광역시 동구 제봉로 42,  (학동)",489,062-1899-0000,건강보험심사평가원_병원정보서비스_v2
hospital:JDQ4MTYyMiM2MSMkMSMkNiMkODkkMzgxMzUxIzExIyQxIyQzIyQ3OSQyNjEwMDIjNDEjJDEjJDQjJDgz,전북대학교병원,상급종합,35.8470974,127.1411626,"전북특별자치도 전주시 덕진구 건지로 20,  (금암동)",414,063-250-1129,건강보험심사평가원_병원정보서비스_v2
hospital:JDQ4MTYyMiM3MSMkMSMkMCMkODkkMzgxMzUxIzExIyQxIyQzIyQ3OSQyNjEyMjIjNDEjJDEjJDgjJDgz,조선대학교병원,상급종합,35.1390537,126.9261467,"광주광역시 동구 필문대로 365,  (학동)",306,062-1811-7474,건강보험심사평가원_병원정보서비스_v2
hospital:JDQ4MTg4MSM1MSMkMSMkMCMkODkkMzgxMzUxIzExIyQxIyQzIyQ3OSQzNjEwMDIjNTEjJDEjJDIjJDgz,중앙대학교병원,상급종합,37.5067481,126.9607839,"서울특별시 동작구 흑석로 102, (흑석동)",404,1800-1114,건강보험심사평가원_병원정보서비스_v2
hospital:JDQ4MTYyMiM2MSMkMSMkMiMkODkkMzgxMzUxIzExIyQxIyQzIyQ3OSQyNjEwMDIjNjEjJDEjJDgjJDgz,충남대학교병원,상급종합,36.316908,127.415363,"대전광역시 중구 문화로 282- , (대사동)",494,042-1599-7123,건강보험심사평가원_병원정보서비스_v2
hospital:JDQ4MTYyMiM1MSMkMSMkOCMkODkkMzgxMzUxIzExIyQxIyQzIyQ4OSQyNjEyMjIjODEjJDEjJDIjJDgz,충북대학교병원,상급종합,36.6242237,127.4614843,"충청북도 청주시 서원구 1순환로 776-0, 충북대학교병원",317,043-269-6114,건강보험심사평가원_병원정보서비스_v2
hospital:JDQ4MTYyMiM4MSMkMSMkMCMkODkkMzgxMzUxIzExIyQxIyQzIyQ2MiQzNjEyMjIjNzEjJDEjJDgjJDgz,칠곡경북대학교병원,상급종합,35.9564207,128.5646727,"대구광역시 북구 호국로 807, 칠곡경북대학교병원(임상실습동 1~11층 포함) (학정동)",223,053-200-2000,건강보험심사평가원_병원정보서비스_v2
hospital:JDQ4MTYyMiM2MSMkMSMkMiMkODkkMzgxMzUxIzExIyQxIyQzIyQ5OSQzNjE0ODEjNjEjJDEjJDQjJDgz,학교법인 건양교육재단 건양대학교병원,상급종합,36.306642,127.342613,"대전광역시 서구 관저동로 158, (관저동)",293,042-600-9999,건강보험심사평가원_병원정보서비스_v2
hospital:JDQ4MTg4MSM1MSMkMSMkMCMkODkkMzgxMzUxIzExIyQxIyQzIyQ4OSQyNjEwMDIjNzEjJDEjJDgjJDgz,학교법인 고려중앙학원 고려대학교의과대학부속병원(안암병원),상급종합,37.5870165,127.0263537,"서울특별시 성북구 고려대로 73, 고려대병원 (안암동5가)",560,1577-0083,건강보험심사평가원_병원정보서비스_v2
hospital:JDQ4MTYyMiM4MSMkMSMkNCMkODkkMzgxMzUxIzExIyQxIyQzIyQ5OSQyNjE4MzIjNDEjJDEjJDgjJDgz,학교법인 울산공업학원 울산대학교병원,상급종합,35.5200702,129.4289116,"울산광역시 동구 대학병원로 25, 울산대학교병원 (전하동)",376,052-250-7000,건강보험심사평가원_병원정보서비스_v2
hospital:JDQ4MTg4MSM1MSMkMSMkMCMkODkkMzgxMzUxIzExIyQyIyQzIyQwMCQyNjE4MzIjODEjJDEjJDIjJDgz,학교법인가톨릭학원가톨릭대학교서울성모병원,상급종합,37.5009444,127.0051154,"서울특별시 서초구 반포대로 222, (반포동)",845,02-1588-1511,건강보험심사평가원_병원정보서비스_v2
hospital:JDQ4MTYyMiM4MSMkMSMkNCMkODkkMzgxMzUxIzExIyQxIyQzIyQ3MiQyNjEyMjIjNjEjJDEjJDQjJDgz,학교법인성균관대학삼성창원병원,상급종합,35.2424957,128.5923771,"경상남도 창원시 마산회원구 팔용로 158-158, (합성동, 삼성창원병원)",283,055-233-8899,건강보험심사평가원_병원정보서비스_v2
hospital:JDQ4MTYyMiM1MSMkMSMkMCMkODkkMzgxMzUxIzExIyQxIyQzIyQ4MiQyNjEyMjIjNzEjJDEjJDgjJDgz,한림대학교성심병원,상급종합,37.3917575,126.9620529,"경기도 안양시 동안구 관평로170번길 22, (평촌동)",370,031-380-1500,건강보험심사평가원_병원정보서비스_v2
hospital:JDQ4MTg4MSM1MSMkMSMkMCMkODkkMzgxMzUxIzExIyQxIyQzIyQ4OSQ0NjE0ODEjNjEjJDEjJDAjJDgz,한양대학교병원,상급종합,37.5596569,127.0441339,"서울특별시 성동구 왕십리로 222-1, (사근동)",405,02-2290-8114,건강보험심사평가원_병원정보서비스_v2
hospital:JDQ4MTYyMiM3MSMkMSMkMCMkODkkMzgxMzUxIzExIyQxIyQzIyQ2MiQ0NjEwMDIjODEjJDEjJDIjJDgz,화순전남대학교병원,상급종합,35.0594333,127.0025,"전라남도 화순군 화순읍 서양로 322, (화순읍)",231,061-379-7114,건강보험심사평가원_병원정보서비스_v2
hospital:JDQ4MTYyMiM1MSMkMSMkMCMkODkkMzgxMzUxIzExIyQxIyQ3IyQ3OSQyNjEwMDIjNDEjJDEjJDgjJDgz,(의)나사렛의료재단 나사렛국제병원,종합병원,37.407958,126.6704928,"인천광역시 연수구 먼우금로 98,  (동춘동)",60,032-899-9999,건강보험심사평가원_병원정보서비스_v2
hospital:JDQ4MTYyMiM1MSMkMSMkMCMkODkkMzgxMzUxIzExIyQxIyQzIyQ4MiQ0NjEwMDIjNjEjJDEjJDAjJDgz,(의)성세의료재단 뉴성민병원,종합병원,37.5097753,126.6698519,"인천광역시 서구 신석로 70, (석남동)",27,032-726-1000,건강보험심사평가원_병원정보서비스_v2
hospital:JDQ4MTYyMiM1MSMkMSMkMCMkODkkMzgxMzUxIzExIyQxIyQzIyQxMyQzNjEwMDIjNTEjJDEjJDYjJDgz,(의)영문의료재단 다보스병원,종합병원,37.2314882,127.2114647,"경기도 용인시 처인구 백옥대로1082번길 18, 다보스종합병원 (김량장동)",37,031-8021-2114,건강보험심사평가원_병원정보서비스_v2
hospital:JDQ4MTYyMiM4MSMkMSMkMCMkODkkMzgxMzUxIzExIyQxIyQzIyQ2MiQ0NjEwMDIjNDEjJDEjJDgjJDgz,(재)미리내천주성삼성직수도회천주성삼병원,종합병원,35.8402518,128.7057102,"대구광역시 수성구 달구벌대로 3190, (신매동, 천주성삼병원)",23,053-790-1000,건강보험심사평가원_병원정보서비스_v2
hospital:JDQ4MTYyMiM3MSMkMSMkMCMkODkkMzgxMzUxIzExIyQxIyQzIyQwMyQyNjEwMDIjNDEjJDEjJDgjJDgz,KS병원,종합병원,35.1979238,126.8331484,"광주광역시 광산구 왕버들로 220,  (수완동)",43,062-975-9000,건강보험심사평가원_병원정보서비스_v2
hospital:JDQ4MTYyMiM1MSMkMSMkMCMkODkkMzgxMzUxIzExIyQxIyQ3IyQ4OSQ0NjE0ODEjNjEjJDEjJDgjJDgz,가톨릭관동대학교 국제성모병원,종합병원,37.5423431,126.6835685,"인천광역시 서구 심곡로100번길 25-0, 인천국제성모병원",208,032-1600-8291,건강보험심사평가원_병원정보서비스_v2
hospital:JDQ4MTg4MSM1MSMkMSMkMCMkODkkMzgxMzUxIzExIyQxIyQzIyQ3OSQyNjEyMjIjODEjJDEjJDIjJDgz,가톨릭대학교 여의도성모병원,종합병원,37.5183253,126.9367517,"서울특별시 영등포구 63로 10, 여의도성모병원 (여의도동)",226,1661-7575,건강보험심사평가원_병원정보서비스_v2
hospital:JDQ4MTg4MSM1MSMkMSMkMCMkODkkMzgxMzUxIzExIyQxIyQzIyQ4OSQzNjEwMDIjNDEjJDEjJDQjJDgz,가톨릭대학교 은평성모병원,종합병원,37.6334945,126.9161912,"서울특별시 은평구 통일로 1021, (진관동)",301,02-1811-7755,건강보험심사평가원_병원정보서비스_v2
hospital:JDQ4MTYyMiM1MSMkMSMkMCMkODkkMzgxMzUxIzExIyQxIyQzIyQ5OSQyNjEwMDIjNDEjJDEjJDQjJDgz,가톨릭대학교부천성모병원,종합병원,37.4871165,126.7924166,"경기도 부천시 원미구 소사로 327, 가톨릭대학교 부천성모병원 (소사동)",239,032-1577-0675,건강보험심사평가원_병원정보서비스_v2
hospital:JDQ4MTYyMiM1MSMkMSMkMCMkODkkMzgxMzUxIzExIyQxIyQzIyQ5OSQ0NjEwMDIjNjEjJDEjJDQjJDgz,가톨릭대학교의정부성모병원,종합병원,37.7587045,127.0777625,"경기도 의정부시 천보로 271, 의정부성모병원 (금오동)",265,1661-7500,건강보험심사평가원_병원정보서비스_v2
hospital:JDQ4MTg4MSM1MSMkMSMkMCMkODkkMzgxMzUxIzExIyQxIyQ3IyQ2MiQyNjE0ODEjNzEjJDEjJDgjJDgz,강남베드로병원,종합병원,37.4856196,127.0396045,"서울특별시 강남구 남부순환로 2649, 베드로병원 (도곡동)",36,1544-7522,건강보험심사평가원_병원정보서비스_v2
hospital:JDQ4MTYyMiM1MSMkMSMkMCMkODkkMzgxMzUxIzExIyQxIyQzIyQ5MiQyNjEwMDIjNjEjJDEjJDgjJDgz,강남병원,종합병원,37.2737515,127.1115072,"경기도 용인시 기흥구 중부대로 411, 강남병원 (신갈동)",47,031-300-0114,건강보험심사평가원_병원정보서비스_v2
hospital:JDQ4MTYyMiM4MSMkMSMkMCMkODkkMzgxMzUxIzExIyQxIyQzIyQ3MiQ0NjEwMDIjODEjJDEjJDYjJDgz,강남종합병원,종합병원,35.8827739,128.6639117,"대구광역시 동구 동촌로 207, 강남병원 (방촌동)",24,053-980-9000,건강보험심사평가원_병원정보서비스_v2
hospital:JDQ4MTg4MSM1MSMkMSMkMCMkODkkMzgxMzUxIzExIyQxIyQ3IyQ5OSQzNjE4MzIjNDEjJDEjJDQjJDgz,강동경희대학교병원,종합병원,37.553536,127.1576732,"서울특별시 강동구 동남로 892, (상일동)",289,02-440-7114,건강보험심사평가원_병원정보서비스_v2
hospital:JDQ4MTYyMiM1MSMkMSMkNCMkODkkMzgxMzUxIzExIyQxIyQzIyQ5OSQyNjEwMDIjNTEjJDEjJDYjJDgz,강원대학교병원,종합병원,37.8751611,127.7448909,"강원특별자치도 춘천시 백령로 156, (효자동)",254,033-258-2000,건강보험심사평가원_병원정보서비스_v2
hospital:JDQ4MTYyMiM1MSMkMSMkNCMkODkkMzgxMzUxIzExIyQxIyQzIyQ4OSQzNjEwMDIjODEjJDEjJDYjJDgz,강원특별자치도강릉의료원,종합병원,37.7492828,128.8888316,"강원특별자치도 강릉시 경강로 2007-0, 강릉의료원",18,033-610-1200,건강보험심사평가원_병원정보서비스_v2
hospital:JDQ4MTYyMiM1MSMkMSMkNCMkODkkMzgxMzUxIzExIyQxIyQzIyQ3OSQzNjEyMjIjNDEjJDEjJDQjJDgz,강원특별자치도삼척의료원,종합병원,37.4400223,129.1705232,"강원특별자치도 삼척시 오십천로 473-0, 강원특별자치도삼척의료원",30,033-572-1141,건강보험심사평가원_병원정보서비스_v2
hospital:JDQ4MTYyMiM1MSMkMSMkNCMkODkkMzgxMzUxIzExIyQxIyQzIyQ4OSQzNjE0ODEjNDEjJDEjJDgjJDgz,강원특별자치도속초의료원,종합병원,38.2164607,128.5892486,"강원특별자치도 속초시 영랑호반길 3, (영랑동)",20,033-630-6000,건강보험심사평가원_병원정보서비스_v2
hospital:JDQ4MTYyMiM1MSMkMSMkNCMkODkkMzgxMzUxIzExIyQxIyQzIyQ3OSQzNjE4MzIjODEjJDEjJDIjJDgz,강원특별자치도영월의료원,종합병원,37.1864525,128.4652387,"강원특별자치도 영월군 영월읍 중앙1로 59, (영월읍)",21,033-370-9101,건강보험심사평가원_병원정보서비스_v2
hospital:JDQ4MTYyMiM1MSMkMSMkNCMkODkkMzgxMzUxIzExIyQxIyQzIyQ3OSQ0NjE0ODEjNjEjJDEjJDgjJDgz,강원특별자치도원주의료원,종합병원,37.332608,127.949225,"강원특별자치도 원주시 서원대로 387,  (개운동)",42,033-760-4500,건강보험심사평가원_병원정보서비스_v2
hospital:JDQ4MTYyMiM4MSMkMSMkNCMkODkkMzgxMzUxIzExIyQxIyQzIyQ4MiQzNjEwMDIjNzEjJDEjJDgjJDgz,강일병원,종합병원,35.2567027,128.8696111,"경상남도 김해시 가락로 359, (구산동)",25,055-822-0100,건강보험심사평가원_병원정보서비스_v2
hospital:JDQ4MTYyMiM1MSMkMSMkOCMkODkkMzgxMzUxIzExIyQxIyQzIyQ4OSQyNjE4MzIjNjEjJDEjJDgjJDgz,건국대학교 충주병원,종합병원,36.9789801,127.9288169,"충청북도 충주시 국원대로 82-0, 건국대학교충주병원",46,043-840-8200,건강보험심사평가원_병원정보서비스_v2
hospital:JDQ4MTYyMiM1MSMkMSMkMCMkODkkMzgxMzUxIzExIyQxIyQzIyQxMyQzNjE4MzIjNDEjJDEjJDQjJDgz,검단탑병원,종합병원,37.5924835,126.6711792,"인천광역시 서구 청마로19번길 5, (당하동)",52,032-590-0114,건강보험심사평가원_병원정보서비스_v2
hospital:JDQ4MTYyMiM1MSMkMSMkMCMkODkkMzgxMzUxIzExIyQxIyQzIyQxMyQ0NjE0ODEjODEjJDEjJDIjJDgz,경기도의료원 수원병원,종합병원,37.2918917,126.9963375,"경기도 수원시 장안구 수성로245번길 69, (정자동)",33,031-888-0114,건강보험심사평가원_병원정보서비스_v2
hospital:JDQ4MTYyMiM1MSMkMSMkMCMkODkkMzgxMzUxIzExIyQyIyQzIyQwMCQzNjE0ODEjNDEjJDEjJDgjJDgz,경기도의료원 안성병원,종합병원,37.0173296,127.2603859,"경기도 안성시 남파로 95, 경기도의료원 안성병원 (당왕동)",32,031-8046-5000,건강보험심사평가원_병원정보서비스_v2
hospital:JDQ4MTYyMiM1MSMkMSMkMCMkODkkMzgxMzUxIzExIyQxIyQ3IyQ4OSQzNjEwMDIjNDEjJDEjJDgjJDgz,경기도의료원 이천병원,종합병원,37.2828595,127.4330563,"경기도 이천시 경충대로 2742, (관고동)",32,031-630-4200,건강보험심사평가원_병원정보서비스_v2
hospital:JDQ4MTYyMiM1MSMkMSMkMCMkODkkMzgxMzUxIzExIyQxIyQzIyQ5OSQ0NjE0ODEjNzEjJDEjJDgjJDgz,경기도의료원의정부병원,종합병원,37.741161,127.0425004,"경기도 의정부시 흥선로 142, (의정부동)",22,031-828-5000,건강보험심사평가원_병원정보서비스_v2
hospital:JDQ4MTYyMiM1MSMkMSMkMCMkODkkMzgxMzUxIzExIyQyIyQzIyQwMCQyNjEyMjIjNjEjJDEjJDQjJDgz,경기도의료원파주병원,종합병원,37.7550649,126.7801502,"경기도 파주시 중앙로 207, 경기도립의료원파주병원 (금촌동)",29,031-940-9100,건강보험심사평가원_병원정보서비스_v2
hospital:JDQ4MTYyMiM1MSMkMSMkMCMkODkkMzgxMzUxIzExIyQyIyQzIyQwMCQyNjEwMDIjNzEjJDEjJDgjJDgz,경기도의료원포천병원,종합병원,37.9033162,127.19828,"경기도 포천시 포천로 1648, (신읍동)",25,031-539-9114,건강보험심사평가원_병원정보서비스_v2
hospital:JDQ4MTYyMiM4MSMkMSMkNCMkODkkMzgxMzUxIzExIyQxIyQzIyQ3OSQyNjEyMjIjODEjJDEjJDYjJDgz,경상남도마산의료원,종합병원,35.1992371,128.5655967,"경상남도 창원시 마산합포구 3·15대로 231, (중앙동3가)",20,055-249-1000,건강보험심사평가원_병원정보서비스_v2
hospital:JDQ4MTYyMiM4MSMkMSMkMCMkODkkMzgxMzUxIzExIyQyIyQzIyQwMCQ0NjEwMDIjNjEjJDEjJDAjJDgz,경상북도김천의료원,종합병원,36.1227232,128.1264391,"경상북도 김천시 모암길 24,  (모암동)",42,054-432-8901,건강보험심사평가원_병원정보서비스_v2
hospital:JDQ4MTYyMiM4MSMkMSMkMCMkODkkMzgxMzUxIzExIyQyIyQzIyQwMCQzNjEwMDIjNDEjJDEjJDgjJDgz,경상북도안동의료원,종합병원,36.5682206,128.7321116,"경상북도 안동시 태사2길 55,  (북문동)",32,054-850-6000,건강보험심사평가원_병원정보서비스_v2
hospital:JDQ4MTYyMiM4MSMkMSMkMCMkODkkMzgxMzUxIzExIyQxIyQzIyQ3OSQzNjE0ODEjNDEjJDEjJDgjJDgz,경상북도포항의료원,종합병원,36.0348814,129.3549409,"경상북도 포항시 북구 용흥로 36,  (용흥동)",30,054-247-0551,건강보험심사평가원_병원정보서비스_v2
hospital:JDQ4MTg4MSM1MSMkMSMkMCMkODkkMzgxMzUxIzExIyQxIyQzIyQ4OSQzNjE4MzIjNjEjJDEjJDgjJDgz,경찰병원,종합병원,37.4963836,127.1235089,"서울특별시 송파구 송이로 123, 국립경찰병원 (가락동)",100,02-3400-1114,건강보험심사평가원_병원정보서비스_v2
hospital:JDQ4MTYyMiM4MSMkMSMkMCMkODkkMzgxMzUxIzExIyQxIyQzIyQ3MiQzNjEwMDIjNjEjJDEjJDgjJDgz,계명대학교대구동산병원,종합병원,35.8694728,128.5831323,"대구광역시 중구 달성로 56, 계명대학교대구동산병원 (동산동)",37,053-250-8114,건강보험심사평가원_병원정보서비스_v2
hospital:JDQ4MTYyMiM4MSMkMSMkMCMkODkkMzgxMzUxIzExIyQyIyQzIyQwMCQ0NjE0ODEjNjEjJDEjJDgjJDgz,곽병원,종합병원,35.8710213,128.5885849,"대구광역시 중구 국채보상로 531, (수동)",31,053-252-2401,건강보험심사평가원_병원정보서비스_v2
hospital:JDQ4MTYyMiM1MSMkMSMkMCMkODkkMzgxMzUxIzExIyQxIyQzIyQ5OSQyNjEyMjIjODEjJDEjJDIjJDgz,광명성애병원,종합병원,37.4736659,126.8713502,"경기도 광명시 디지털로 36, 광명성애병원 (철산동)",94,02-2680-7114,건강보험심사평가원_병원정보서비스_v2
hospital:JDQ4MTYyMiM3MSMkMSMkMCMkODkkMzgxMzUxIzExIyQxIyQzIyQ5MiQ0NjE0ODEjNDEjJDEjJDgjJDgz,광양사랑병원,종합병원,34.9361846,127.6969657,"전라남도 광양시 공영로 71,  (중동)",20,061-797-7000,건강보험심사평가원_병원정보서비스_v2
hospital:JDQ4MTYyMiM3MSMkMSMkMCMkODkkMzgxMzUxIzExIyQxIyQzIyQ3OSQyNjE4MzIjNDEjJDEjJDQjJDgz,광주기독병원,종합병원,35.136665,126.9118749,"광주광역시 남구 양림로 37,  (양림동)",154,062-650-5000,건강보험심사평가원_병원정보서비스_v2
hospital:JDQ4MTYyMiM3MSMkMSMkMCMkODkkMzgxMzUxIzExIyQxIyQ3IyQ3OSQ0NjE0ODEjNzEjJDEjJDgjJDgz,광주병원,종합병원,35.178903,126.9281408,"광주광역시 북구 면앙로139번길 51,  (두암동)",40,062-260-7100,건강보험심사평가원_병원정보서비스_v2
hospital:JDQ4MTYyMiM3MSMkMSMkMCMkODkkMzgxMzUxIzExIyQxIyQzIyQ4OSQyNjE4MzIjNzEjJDEjJDgjJDgz,광주보훈병원,종합병원,35.2079032,126.8496719,"광주광역시 광산구 첨단월봉로 99,  (산월동)",77,062-602-6114,건강보험심사평가원_병원정보서비스_v2
hospital:JDQ4MTYyMiM3MSMkMSMkMCMkODkkMzgxMzUxIzExIyQxIyQ3IyQ3OSQzNjEyMjIjNDEjJDEjJDgjJDgz,광주센트럴병원,종합병원,35.1857756,126.8291069,"광주광역시 광산구 수완로 6-0,  A,B,C동 (신가동)",32,062-950-9700,건강보험심사평가원_병원정보서비스_v2
hospital:JDQ4MTYyMiM3MSMkMSMkMCMkODkkMzgxMzUxIzExIyQxIyQzIyQwMyQ0NjEwMDIjNzEjJDEjJDgjJDgz,광주수완병원,종합병원,35.193096,126.8241888,"광주광역시 광산구 임방울대로 370,  (수완동)",17,062-958-1111,건강보험심사평가원_병원정보서비스_v2
hospital:JDQ4MTYyMiM3MSMkMSMkMCMkODkkMzgxMzUxIzExIyQxIyQzIyQ3MiQyNjEwMDIjNDEjJDEjJDQjJDgz,광주씨티병원,종합병원,35.1177147,126.8994848,"광주광역시 남구 서문대로654번길 5,  (진월동)",24,062-460-7000,건강보험심사평가원_병원정보서비스_v2
hospital:JDQ4MTYyMiM3MSMkMSMkMCMkODkkMzgxMzUxIzExIyQxIyQzIyQxMyQyNjE0ODEjNDEjJDEjJDgjJDgz,광주일곡병원,종합병원,35.2028543,126.8976135,"광주광역시 북구 양일로 309,  (일곡동)",19,062-608-7000,건강보험심사평가원_병원정보서비스_v2
hospital:JDQ4MTYyMiM3MSMkMSMkMCMkODkkMzgxMzUxIzExIyQxIyQzIyQxMyQzNjEwMDIjNDEjJDEjJDgjJDgz,광주한국병원,종합병원,35.1562166,126.8688164,"광주광역시 서구 월드컵4강로 223,  (쌍촌동)",28,062-380-3000,건강보험심사평가원_병원정보서비스_v2
hospital:JDQ4MTYyMiM3MSMkMSMkMCMkODkkMzgxMzUxIzExIyQxIyQzIyQwMyQ0NjE0ODEjODEjJDEjJDYjJDgz,광주현대병원,종합병원,35.185676,126.897925,"광주광역시 북구 설죽로 291,  (용봉동)",37,062-570-0114,건강보험심사평가원_병원정보서비스_v2
hospital:JDQ4MTYyMiM3MSMkMSMkMCMkODkkMzgxMzUxIzExIyQxIyQ3IyQ3OSQyNjEwMDIjNDEjJDEjJDQjJDgz,광주희망병원,종합병원,35.2134937,126.8747341,"광주광역시 북구 하서로 429,  (용두동)",20,062-608-6000,건강보험심사평가원_병원정보서비스_v2
hospital:JDQ4MTg4MSM1MSMkMSMkMCMkODkkMzgxMzUxIzExIyQyIyQ3IyQwMCQ0NjE0ODEjNjEjJDEjJDQjJDgz,구로성심병원,종합병원,37.4996715,126.8664159,"서울특별시 구로구 경인로 427, 구로성심병원 (고척동)",37,02-2067-1500,건강보험심사평가원_병원정보서비스_v2
hospital:JDQ4MTYyMiM4MSMkMSMkMCMkODkkMzgxMzUxIzExIyQxIyQzIyQ2MiQyNjEyMjIjNjEjJDEjJDAjJDgz,구미강동병원,종합병원,36.096239,128.4228695,"경상북도 구미시 인동20길 46,  (진평동)",34,054-453-7575,건강보험심사평가원_병원정보서비스_v2
hospital:JDQ4MTAxMiM1MSMkMSMkMCMkODkkMzgxMzUxIzExIyQxIyQzIyQ4MiQzNjEyMjIjNzEjJDEjJDgjJDgz,구포성심병원,종합병원,35.2097133,129.0047235,"부산광역시 북구 낙동대로 1786, (구포동)",31,051-330-2001,건강보험심사평가원_병원정보서비스_v2
hospital:JDQ4MTYyMiM1MSMkMSMkMCMkODkkMzgxMzUxIzExIyQxIyQzIyQ5MiQzNjEwMDIjODEjJDEjJDYjJDgz,국군수도병원,종합병원,37.3923789,127.1490674,"경기도 성남시 분당구 새마을로177번길 81, (율동)",121,031-725-6075,건강보험심사평가원_병원정보서비스_v2
hospital:JDQ4MTYyMiM1MSMkMSMkOCMkODkkMzgxMzUxIzExIyQxIyQzIyQ5OSQzNjEyMjIjODEjJDEjJDIjJDgz,국립소방병원,종합병원,36.9043425,127.5526368,"충청북도 음성군 맹동면 용두4길 19-0, 국립소방병원",28,043-931-3362,건강보험심사평가원_병원정보서비스_v2
hospital:JDQ4MTYyMiM1MSMkMSMkMCMkODkkMzgxMzUxIzExIyQxIyQzIyQ5MiQzNjE0ODEjNDEjJDEjJDgjJDgz,국립암센터,종합병원,37.6632301,126.7834097,"경기도 고양시 일산동구 일산로 323, (마두동)",198,031-920-0114,건강보험심사평가원_병원정보서비스_v2
hospital:JDQ4MTg4MSM1MSMkMSMkMCMkODkkMzgxMzUxIzExIyQyIyQ3IyQwMCQyNjEwMDIjODEjJDEjJDIjJDgz,국립중앙의료원,종합병원,37.5672137,127.0056709,"서울특별시 중구 을지로 245, 국립중앙의료원 (을지로6가)",225,02-2260-7114,건강보험심사평가원_병원정보서비스_v2
hospital:JDQ4MTYyMiM1MSMkMSMkMCMkODkkMzgxMzUxIzExIyQxIyQzIyQ4MiQzNjE4MzIjODEjJDEjJDIjJDgz,국민건강보험공단일산병원,종합병원,37.6454754,126.7930401,"경기도 고양시 일산동구 일산로 100, (백석동,백석1동 1241외1필지 4층)",259,1577-0013,건강보험심사평가원_병원정보서비스_v2
hospital:JDQ4MTYyMiM2MSMkMSMkMiMkODkkMzgxMzUxIzExIyQyIyQzIyQwMCQyNjEyMjIjNjEjJDEjJDgjJDgz,근로복지공단 대전병원,종합병원,36.3683976,127.4285488,"대전광역시 대덕구 계족로 637,  (법동)",29,042-670-5419,건강보험심사평가원_병원정보서비스_v2
hospital:JDQ4MTYyMiM1MSMkMSMkNCMkODkkMzgxMzUxIzExIyQxIyQzIyQ5OSQzNjE0ODEjODEjJDEjJDIjJDgz,근로복지공단 동해병원,종합병원,37.5321225,129.106078,"강원특별자치도 동해시 하평로 11, (평릉동)",17,033-530-3100,건강보험심사평가원_병원정보서비스_v2
hospital:JDQ4MTYyMiM3MSMkMSMkMCMkODkkMzgxMzUxIzExIyQxIyQzIyQ5MiQzNjE0ODEjODEjJDEjJDYjJDgz,근로복지공단 순천병원,종합병원,34.961135,127.5249267,"전라남도 순천시 조례1길 24,  (조례동)",22,061-720-7575,건강보험심사평가원_병원정보서비스_v2
hospital:JDQ4MTYyMiM4MSMkMSMkNCMkODkkMzgxMzUxIzExIyQxIyQzIyQ3MiQyNjEwMDIjNzEjJDEjJDgjJDgz,근로복지공단 창원병원,종합병원,35.2187539,128.6717512,"경상남도 창원시 성산구 창원대로 721, (중앙동)",29,055-280-7619,건강보험심사평가원_병원정보서비스_v2
hospital:JDQ4MTYyMiM1MSMkMSMkNCMkODkkMzgxMzUxIzExIyQxIyQzIyQ5OSQyNjEyMjIjNDEjJDEjJDgjJDgz,근로복지공단 태백병원,종합병원,37.1040964,129.0043366,"강원특별자치도 태백시 보드미길 8,  (장성동)",19,033-580-3114,건강보험심사평가원_병원정보서비스_v2
hospital:JDQ4MTYyMiM1MSMkMSMkMCMkODkkMzgxMzUxIzExIyQxIyQ3IyQ3OSQyNjEyMjIjNDEjJDEjJDQjJDgz,근로복지공단안산병원,종합병원,37.3167269,126.874139,"경기도 안산시 상록구 구룡로 87, 근로복지공단안산병원 (일동)",40,031-500-1114,건강보험심사평가원_병원정보서비스_v2
hospital:JDQ4MTYyMiM1MSMkMSMkMCMkODkkMzgxMzUxIzExIyQxIyQ3IyQ5OSQyNjE0ODEjODEjJDEjJDIjJDgz,근로복지공단인천병원,종합병원,37.4767018,126.7536333,"인천광역시 부평구 무네미로 446, (구산동)",30,032-500-0114,건강보험심사평가원_병원정보서비스_v2
hospital:JDQ4MTg4MSM1MSMkMSMkMCMkODkkMzgxMzUxIzExIyQxIyQ3IyQ2MiQyNjEyMjIjNTEjJDEjJDYjJDgz,기쁨병원,종합병원,37.4827157,127.0180814,"서울특별시 서초구 서초중앙로 4, 기쁨병원 (서초동)",45,02-570-1234,건강보험심사평가원_병원정보서비스_v2
hospital:JDQ4MTYyMiM4MSMkMSMkMCMkODkkMzgxMzUxIzExIyQxIyQzIyQ3MiQzNjE4MzIjNTEjJDEjJDIjJDgz,나사렛종합병원,종합병원,35.8147014,128.5251021,"대구광역시 달서구 월배로 97, 나사렛병원 (진천동)",37,053-643-1400,건강보험심사평가원_병원정보서비스_v2
hospital:JDQ4MTYyMiM3MSMkMSMkMCMkODkkMzgxMzUxIzExIyQxIyQzIyQwMyQzNjEyMjIjNTEjJDEjJDIjJDgz,나주종합병원,종합병원,35.0363158,126.7213974,"전라남도 나주시 영산로 5419, 나주종합병원",22,061-330-6114,건강보험심사평가원_병원정보서비스_v2
hospital:JDQ4MTYyMiM1MSMkMSMkMCMkODkkMzgxMzUxIzExIyQxIyQzIyQxMyQ0NjEwMDIjNjEjJDEjJDgjJDgz,남양주 한양병원,종합병원,37.6823474,127.2043933,"경기도 남양주시 오남읍 양지로 47-55, 47",29,031-510-0114,건강보험심사평가원_병원정보서비스_v2
hospital:JDQ4MTg4MSM1MSMkMSMkMCMkODkkMzgxMzUxIzExIyQxIyQ3IyQ3OSQyNjEwMDIjNjEjJDEjJDgjJDgz,노원을지대학교병원,종합병원,37.6364793,127.0699354,"서울특별시 노원구 한글비석로 68, 을지병원 (하계동)",210,02-970-8000,건강보험심사평가원_병원정보서비스_v2
hospital:JDQ4MTg4MSM1MSMkMSMkMCMkODkkMzgxMzUxIzExIyQxIyQ3IyQ5OSQzNjEwMDIjNTEjJDEjJDYjJDgz,녹색병원,종합병원,37.5835731,127.0860738,"서울특별시 중랑구 사가정로49길 53, (면목동)",37,02-490-2000,건강보험심사평가원_병원정보서비스_v2
hospital:JDQ4MTYyMiM2MSMkMSMkMiMkODkkMzgxMzUxIzExIyQyIyQzIyQwMCQzNjEwMDIjNDEjJDEjJDgjJDgz,당진종합병원,종합병원,36.9044002,126.6844489,"충청남도 당진시 반촌로 5-15,  (시곡동)",33,041-357-0100,건강보험심사평가원_병원정보서비스_v2
hospital:JDQ4MTYyMiM4MSMkMSMkMCMkODkkMzgxMzUxIzExIyQyIyQzIyQwMCQzNjE4MzIjODEjJDEjJDIjJDgz,대구가톨릭대학교 칠곡가톨릭병원,종합병원,35.9348614,128.5493894,"대구광역시 북구 칠곡중앙대로 440, (읍내동)",21,053-320-2500,건강보험심사평가원_병원정보서비스_v2
hospital:JDQ4MTYyMiM4MSMkMSMkMCMkODkkMzgxMzUxIzExIyQxIyQzIyQ3MiQ0NjE0ODEjNDEjJDEjJDgjJDgz,대구굿모닝병원,종합병원,35.8661072,128.5713825,"대구광역시 서구 달서로 42, 지하2층~11층 (내당동)",29,053-620-9100,건강보험심사평가원_병원정보서비스_v2
hospital:JDQ4MTYyMiM4MSMkMSMkMCMkODkkMzgxMzUxIzExIyQxIyQzIyQ4OSQ0NjE0ODEjNDEjJDEjJDgjJDgz,대구의료원,종합병원,35.85964,128.540587,"대구광역시 서구 평리로 157, (중리동)",43,053-560-7575,건강보험심사평가원_병원정보서비스_v2
hospital:JDQ4MTYyMiM4MSMkMSMkMCMkODkkMzgxMzUxIzExIyQxIyQzIyQ3OSQyNjE4MzIjNTEjJDEjJDYjJDgz,대구파티마병원,종합병원,35.8842611,128.6244071,"대구광역시 동구 아양로 99, (신암동)",200,053-1688-7770,건강보험심사평가원_병원정보서비스_v2
hospital:JDQ4MTAxMiM1MSMkMSMkMCMkODkkMzgxMzUxIzExIyQxIyQzIyQ3OSQ0NjE0ODEjNDEjJDEjJDQjJDgz,대동병원,종합병원,35.2042538,129.0802033,"부산광역시 동래구 충렬대로 187, (명륜동)",66,051-554-1233,건강보험심사평가원_병원정보서비스_v2
hospital:JDQ4MTg4MSM1MSMkMSMkMCMkODkkMzgxMzUxIzExIyQxIyQzIyQ4MiQ0NjEwMDIjODEjJDEjJDYjJDgz,대림성모병원,종합병원,37.4906979,126.9072208,"서울특별시 영등포구 시흥대로 657, (대림동, 대림성모병원)",53,02-829-9000,건강보험심사평가원_병원정보서비스_v2
hospital:JDQ4MTYyMiM1MSMkMSMkMCMkODkkMzgxMzUxIzExIyQxIyQzIyQwMyQ0NjEwMDIjODEjJDEjJDYjJDgz,대아의료재단한도병원,종합병원,37.3340586,126.8076223,"경기도 안산시 단원구 선부광장로 103, (선부동)",58,031-8040-1114,건강보험심사평가원_병원정보서비스_v2
hospital:JDQ4MTYyMiM2MSMkMSMkNiMkODkkMzgxMzUxIzExIyQxIyQzIyQ5OSQ0NjE0ODEjNDEjJDEjJDgjJDgz,대자인병원,종합병원,35.8459659,127.1534706,"전북특별자치도 전주시 덕진구 견훤로 390, (우아동3가)",122,063-240-2000,건강보험심사평가원_병원정보서비스_v2
hospital:JDQ4MTYyMiM2MSMkMSMkMiMkODkkMzgxMzUxIzExIyQxIyQzIyQ5OSQyNjE4MzIjNzEjJDEjJDgjJDgz,대전보훈병원,종합병원,36.4473355,127.4396417,"대전광역시 대덕구 대청로82번길 147, 147",41,042-939-0111,건강보험심사평가원_병원정보서비스_v2
hospital:JDQ4MTYyMiM2MSMkMSMkMiMkODkkMzgxMzUxIzExIyQxIyQzIyQ2MiQyNjE4MzIjNDEjJDEjJDgjJDgz,대전한국병원,종합병원,36.3482008,127.4358152,"대전광역시 동구 동서대로 1672,  (성남동)",37,042-606-1000,건강보험심사평가원_병원정보서비스_v2
hospital:JDQ4MTYyMiM1MSMkMSMkMCMkODkkMzgxMzUxIzExIyQxIyQzIyQ3MiQzNjE4MzIjNDEjJDEjJDgjJDgz,대진의료재단 분당제생병원,종합병원,37.3882035,127.1217783,"경기도 성남시 분당구 서현로180번길 20, (서현동)",194,031-779-0114,건강보험심사평가원_병원정보서비스_v2
hospital:JDQ4MTYyMiM2MSMkMSMkMiMkODkkMzgxMzUxIzExIyQxIyQzIyQ2MiQzNjE0ODEjNDEjJDEjJDQjJDgz,대청병원,종합병원,36.3082388,127.3705716,"대전광역시 서구 계백로 1322, (정림동)",25,042-1899-6075,건강보험심사평가원_병원정보서비스_v2
hospital:JDQ4MTYyMiM4MSMkMSMkMCMkODkkMzgxMzUxIzExIyQxIyQzIyQ3MiQzNjE0ODEjODEjJDEjJDIjJDgz,더블유병원,종합병원,35.8526313,128.5449481,"대구광역시 달서구 달구벌대로 1632, 더블유병원 (감삼동)",47,053-550-5000,건강보험심사평가원_병원정보서비스_v2
hospital:JDQ4MTYyMiM4MSMkMSMkMCMkODkkMzgxMzUxIzExIyQxIyQzIyQ5OSQyNjE0ODEjNTEjJDEjJDYjJDgz,동국대학교의과대학경주병원,종합병원,35.8583076,129.1966582,"경상북도 경주시 동대로 87,  (석장동)",111,054-748-9300,건강보험심사평가원_병원정보서비스_v2
hospital:JDQ4MTYyMiM1MSMkMSMkMCMkODkkMzgxMzUxIzExIyQxIyQzIyQwMyQ0NjE0ODEjNDEjJDEjJDgjJDgz,동국대학교일산불교병원,종합병원,37.6763969,126.8064233,"경기도 고양시 일산동구 동국로 27, (식사동, 동국대학교일산병원)",217,031-1577-7000,건강보험심사평가원_병원정보서비스_v2
hospital:JDQ4MTAxMiM1MSMkMSMkMCMkODkkMzgxMzUxIzExIyQxIyQzIyQ4MiQyNjEyMjIjNjEjJDEjJDAjJDgz,동남권원자력의학원원자력병원,종합병원,35.3214002,129.2435492,"부산광역시 기장군 장안읍 좌동길 40, (장안읍)",64,051-720-5114,건강보험심사평가원_병원정보서비스_v2
hospital:JDQ4MTAxMiM1MSMkMSMkMCMkODkkMzgxMzUxIzExIyQxIyQzIyQ3MiQyNjEwMDIjODEjJDEjJDYjJDgz,동래봉생병원,종합병원,35.1969224,129.0961355,"부산광역시 동래구 안연로109번길 27, (안락동)",42,051-520-5500,건강보험심사평가원_병원정보서비스_v2
hospital:JDQ4MTYyMiM3MSMkMSMkMCMkODkkMzgxMzUxIzExIyQxIyQ3IyQ4OSQyNjE0ODEjODEjJDEjJDYjJDgz,동아병원,종합병원,35.1348131,126.8999505,"광주광역시 남구 대남대로 238, (백운동)",29,062-650-2500,건강보험심사평가원_병원정보서비스_v2
hospital:JDQ4MTYyMiM4MSMkMSMkMCMkODkkMzgxMzUxIzExIyQxIyQzIyQ3MiQzNjEyMjIjNjEjJDEjJDAjJDgz,드림종합병원,종합병원,35.8395584,128.5744911,"대구광역시 남구 대명로 153, (대명동)",31,053-640-8800,건강보험심사평가원_병원정보서비스_v2
hospital:JDQ4MTYyMiM1MSMkMSMkMCMkODkkMzgxMzUxIzExIyQxIyQ3IyQ2MiQzNjEwMDIjNTEjJDEjJDYjJDgz,메디인병원,종합병원,37.7610733,126.766669,"경기도 파주시 금릉역로 190, (금촌동)",36,031-943-1191,건강보험심사평가원_병원정보서비스_v2
hospital:JDU4MTI3MSM1MSMkMSMkNCMkODkkMzgxMzUxIzExIyQxIyQzIyQ3OSQyNjE4MzIjODEjJDEjJDIjJDgz,메디필드한강병원,종합병원,37.2353957,127.2010803,"경기도 용인시 처인구 금령로39번길 8-6, (김량장동)",22,1551-0077,건강보험심사평가원_병원정보서비스_v2
hospital:JDQ4MTg4MSM1MSMkMSMkMCMkODkkMzgxMzUxIzExIyQxIyQzIyQwMyQ0NjEwMDIjNTEjJDEjJDYjJDgz,명지성모병원,종합병원,37.4938623,126.8992626,"서울특별시 영등포구 도림로 156, 명지성모병원 (대림동)",35,02-1899-1475,건강보험심사평가원_병원정보서비스_v2
hospital:JDQ4MTYyMiM3MSMkMSMkMCMkODkkMzgxMzUxIzExIyQxIyQzIyQ4MiQzNjEyMjIjODEjJDEjJDIjJDgz,목포기독병원,종합병원,34.8045332,126.4205999,"전라남도 목포시 백년대로 303,  (상동)",39,061-280-7500,건강보험심사평가원_병원정보서비스_v2
hospital:JDQ4MTYyMiM3MSMkMSMkMCMkODkkMzgxMzUxIzExIyQxIyQzIyQ5OSQyNjEyMjIjNjEjJDEjJDgjJDgz,목포시의료원,종합병원,34.8039838,126.4053626,"전라남도 목포시 이로로 18,  (용해동)",24,061-260-6500,건강보험심사평가원_병원정보서비스_v2
hospital:JDQ4MTYyMiM3MSMkMSMkMCMkODkkMzgxMzUxIzExIyQxIyQzIyQ2MiQyNjE4MzIjODEjJDEjJDYjJDgz,목포한국병원,종합병원,34.809382,126.4162693,"전라남도 목포시 영산로 483,  (상동)",80,061-270-5800,건강보험심사평가원_병원정보서비스_v2
hospital:JDQ4MTYyMiM3MSMkMSMkMCMkODkkMzgxMzUxIzExIyQxIyQzIyQwMyQzNjE4MzIjNDEjJDEjJDgjJDgz,미래로21병원,종합병원,35.141033,126.8852856,"광주광역시 서구 화운로 1,  (화정동)",27,062-450-1000,건강보험심사평가원_병원정보서비스_v2
hospital:JDQ4MTg4MSM1MSMkMSMkMCMkODkkMzgxMzUxIzExIyQxIyQ3IyQ4OSQ0NjE0ODEjNDEjJDEjJDgjJDgz,미즈메디병원,종합병원,37.5522178,126.8359357,"서울특별시 강서구 강서로 295, (내발산동)",56,02-2007-1000,건강보험심사평가원_병원정보서비스_v2
hospital:JDQ4MTYyMiM4MSMkMSMkNCMkODkkMzgxMzUxIzExIyQyIyQzIyQwMCQzNjE0ODEjNzEjJDEjJDgjJDgz,베데스다복음병원,종합병원,35.3532447,129.0435924,"경상남도 양산시 신기로 28, (신기동)",14,055-384-9901,건강보험심사평가원_병원정보서비스_v2
hospital:JDQ4MTg4MSM1MSMkMSMkMCMkODkkMzgxMzUxIzExIyQyIyQ3IyQwMCQyNjE4MzIjNjEjJDEjJDAjJDgz,부민병원,종합병원,37.556866,126.8509273,"서울특별시 강서구 공항대로 389, 부민병원 (등촌동)",54,1577-7582,건강보험심사평가원_병원정보서비스_v2
hospital:JDQ4MTAxMiM1MSMkMSMkMCMkODkkMzgxMzUxIzExIyQxIyQzIyQ5OSQyNjE0ODEjODEjJDEjJDYjJDgz,부산광역시의료원,종합병원,35.1872821,129.0592351,"부산광역시 연제구 월드컵대로 359, (거제동, 1동, 5동일부)",74,051-507-3000,건강보험심사평가원_병원정보서비스_v2
hospital:JDQ4MTAxMiM1MSMkMSMkMCMkODkkMzgxMzUxIzExIyQxIyQzIyQ3OSQzNjEwMDIjNjEjJDEjJDQjJDgz,부산성모병원(재단법인 천주교부산교구유지재단),종합병원,35.1104571,129.109125,"부산광역시 남구 용호로232번길 25-14, (용호동)",79,051-933-7114,건강보험심사평가원_병원정보서비스_v2
hospital:JDQ4MTYyMiM2MSMkMSMkNiMkODkkMzgxMzUxIzExIyQxIyQzIyQ5OSQzNjEwMDIjNzEjJDEjJDgjJDgz,부안성모병원,종합병원,35.7248401,126.7345709,"전북특별자치도 부안군 부안읍 오정2길 24, (부안읍)",15,063-581-5100,건강보험심사평가원_병원정보서비스_v2
hospital:JDQ4MTYyMiM1MSMkMSMkMCMkODkkMzgxMzUxIzExIyQxIyQzIyQ4OSQyNjEyMjIjNDEjJDEjJDgjJDgz,부천세종병원,종합병원,37.4809661,126.7913172,"경기도 부천시 소사구 호현로489번길 28, (소사본동, 세종병원)",97,1599-6677,건강보험심사평가원_병원정보서비스_v2
hospital:JDQ4MTYyMiM1MSMkMSMkMCMkODkkMzgxMzUxIzExIyQyIyQ3IyQwMCQ0NjE0ODEjNDEjJDEjJDgjJDgz,부천우리병원,종합병원,37.5208668,126.8052027,"경기도 부천시 오정구 소사로 726, (원종동)",23,032-672-4100,건강보험심사평가원_병원정보서비스_v2
hospital:JDQ4MTYyMiM1MSMkMSMkMCMkODkkMzgxMzUxIzExIyQxIyQzIyQ4OSQzNjE4MzIjNDEjJDEjJDgjJDgz,부평세림병원,종합병원,37.506872,126.7199858,"인천광역시 부평구 부평대로 175,  (청천동)",54,032-524-0591,건강보험심사평가원_병원정보서비스_v2
hospital:JDQ4MTYyMiM1MSMkMSMkMCMkODkkMzgxMzUxIzExIyQyIyQ3IyQwMCQyNjE4MzIjNDEjJDEjJDQjJDgz,비에스종합병원,종합병원,37.7360478,126.4859924,"인천광역시 강화군 강화읍 충렬사로 31-0,",18,032-290-0001,건강보험심사평가원_병원정보서비스_v2
hospital:JDQ4MTAxMiM1MSMkMSMkMCMkODkkMzgxMzUxIzExIyQxIyQzIyQ3MiQzNjEwMDIjNDEjJDEjJDgjJDgz,비에이치에스한서병원,종합병원,35.16088,129.1131037,"부산광역시 수영구 수영로 615, (광안동)",54,051-756-0081,건강보험심사평가원_병원정보서비스_v2
hospital:JDQ4MTAxMiM1MSMkMSMkMCMkODkkMzgxMzUxIzExIyQxIyQzIyQ4MiQ0NjEwMDIjNDEjJDEjJDgjJDgz,빌리브세웅병원,종합병원,35.1960144,129.1082196,"부산광역시 동래구 충렬대로 455, (안락동)",23,051-500-1100,건강보험심사평가원_병원정보서비스_v2
hospital:JDQ4MTYyMiM3MSMkMSMkMCMkODkkMzgxMzUxIzExIyQxIyQ3IyQ3OSQ0NjEwMDIjNjEjJDEjJDQjJDgz,빛가람종합병원,종합병원,35.0242155,126.7987186,"전라남도 나주시 정보화길 49-0,  (빛가람동)",22,061-820-0820,건강보험심사평가원_병원정보서비스_v2
hospital:JDQ4MTYyMiM3MSMkMSMkMCMkODkkMzgxMzUxIzExIyQxIyQzIyQxMyQzNjE0ODEjNTEjJDEjJDYjJDgz,빛고을전남대학교병원,종합병원,35.0943936,126.8963045,"광주광역시 남구 덕남길 80-0,  1동 (덕남동,전남대학교병원류마티스전문질환센터)",14,062-670-9421,건강보험심사평가원_병원정보서비스_v2
hospital:JDQ4MTAxMiM1MSMkMSMkMCMkODkkMzgxMzUxIzExIyQxIyQzIyQ5OSQyNjEyMjIjNjEjJDEjJDQjJDgz,삼육부산병원,종합병원,35.1127675,129.0110653,"부산광역시 서구 대티로 170, (서대신동2가)",55,242-9751,건강보험심사평가원_병원정보서비스_v2
hospital:JDQ4MTg4MSM1MSMkMSMkMCMkODkkMzgxMzUxIzExIyQxIyQzIyQ4OSQzNjE0ODEjNDEjJDEjJDgjJDgz,삼육서울병원,종합병원,37.5879909,127.0653065,"서울특별시 동대문구 망우로 82, (휘경동)",112,02-2244-0191,건강보험심사평가원_병원정보서비스_v2
hospital:JDQ4MTYyMiM4MSMkMSMkMCMkODkkMzgxMzUxIzExIyQxIyQzIyQ3MiQyNjE4MzIjNDEjJDEjJDQjJDgz,삼일병원,종합병원,35.8324956,128.5535826,"대구광역시 달서구 월배로 436, 지하1,지상1~11층 (송현동)",45,053-659-3100,건강보험심사평가원_병원정보서비스_v2
hospital:JDQ4MTYyMiM3MSMkMSMkMCMkODkkMzgxMzUxIzExIyQxIyQ3IyQ3OSQzNjE4MzIjODEjJDEjJDYjJDgz,상무병원,종합병원,35.1527509,126.8538803,"광주광역시 서구 상무자유로 181-7,  (치평동)",24,062-600-7000,건강보험심사평가원_병원정보서비스_v2
hospital:JDQ4MTYyMiM4MSMkMSMkMCMkODkkMzgxMzUxIzExIyQxIyQzIyQ2MiQyNjE0ODEjODEjJDEjJDIjJDgz,상주적십자병원,종합병원,36.4146221,128.1555556,"경상북도 상주시 상서문로 53,  (남성동)",17,054-534-3501,건강보험심사평가원_병원정보서비스_v2
hospital:JDQ4MTYyMiM4MSMkMSMkNCMkODkkMzgxMzUxIzExIyQxIyQzIyQ5MiQyNjE0ODEjNTEjJDEjJDYjJDgz,새통영병원,종합병원,34.8653483,128.4207171,"경상남도 통영시 무전7길 192, (무전동)",21,055-646-6000,건강보험심사평가원_병원정보서비스_v2
hospital:JDQ4MTYyMiM3MSMkMSMkMCMkODkkMzgxMzUxIzExIyQxIyQzIyQ5MiQyNjE4MzIjNDEjJDEjJDgjJDgz,서광병원,종합병원,35.1325949,126.8557303,"광주광역시 서구 금화로59번길 6,  (금호동)",24,062-600-8000,건강보험심사평가원_병원정보서비스_v2
hospital:JDQ4MTYyMiM3MSMkMSMkMCMkODkkMzgxMzUxIzExIyQyIyQzIyQwMCQyNjEyMjIjNTEjJDEjJDYjJDgz,서남대학교병원,종합병원,35.1447273,126.9150205,"광주광역시 동구 천변우로 415,  (불로동)",0,062-224-0671,건강보험심사평가원_병원정보서비스_v2
hospital:JDQ4MTYyMiM2MSMkMSMkMiMkODkkMzgxMzUxIzExIyQxIyQzIyQ4OSQ0NjE0ODEjNDEjJDEjJDgjJDgz,서산중앙병원,종합병원,36.7810108,126.5034636,"충청남도 서산시 수석산업로 5, (수석동)",42,041-661-1000,건강보험심사평가원_병원정보서비스_v2
hospital:JDQ4MTYyMiM4MSMkMSMkNCMkODkkMzgxMzUxIzExIyQxIyQzIyQ4OSQzNjEwMDIjNDEjJDEjJDgjJDgz,서울산보람병원,종합병원,35.5597987,129.1210036,"울산광역시 울주군 삼남읍 중평로 53, 서울산보람병원",23,052-255-7114,건강보험심사평가원_병원정보서비스_v2
hospital:JDQ4MTg4MSM1MSMkMSMkMCMkODkkMzgxMzUxIzExIyQxIyQzIyQxMyQyNjE0ODEjNzEjJDEjJDgjJDgz,서울성심병원,종합병원,37.5843076,127.0497296,"서울특별시 동대문구 왕산로 259, 서울성심병원 (청량리동)",38,02-966-1616,건강보험심사평가원_병원정보서비스_v2
hospital:JDQ4MTg4MSM1MSMkMSMkMCMkODkkMzgxMzUxIzExIyQxIyQzIyQ4OSQyNjE0ODEjODEjJDEjJDYjJDgz,서울적십자병원,종합병원,37.5671805,126.9669974,"서울특별시 종로구 새문안로 9, 적십자병원 (평동)",42,02-2002-8000,건강보험심사평가원_병원정보서비스_v2
hospital:JDQ4MTg4MSM1MSMkMSMkMCMkODkkMzgxMzUxIzExIyQxIyQzIyQ4OSQyNjE4MzIjNTEjJDEjJDYjJDgz,서울특별시 동부병원,종합병원,37.5753681,127.0313409,"서울특별시 동대문구 무학로 124, (용두동)",30,02-920-9114,건강보험심사평가원_병원정보서비스_v2
hospital:JDQ4MTg4MSM1MSMkMSMkMCMkODkkMzgxMzUxIzExIyQxIyQzIyQ5OSQzNjE0ODEjODEjJDEjJDYjJDgz,서울특별시보라매병원,종합병원,37.4934414,126.9239058,"서울특별시 동작구 보라매로5길 20, (신대방동)",276,02-870-2114,건강보험심사평가원_병원정보서비스_v2
hospital:JDQ4MTg4MSM1MSMkMSMkMCMkODkkMzgxMzUxIzExIyQyIyQ3IyQwMCQzNjE4MzIjNzEjJDEjJDgjJDgz,서울특별시서남병원,종합병원,37.5120195,126.8331531,"서울특별시 양천구 신정이펜1로 20, (신정동)",51,1566-6688,건강보험심사평가원_병원정보서비스_v2
hospital:JDQ4MTg4MSM1MSMkMSMkMCMkODkkMzgxMzUxIzExIyQyIyQ3IyQwMCQyNjEyMjIjNjEjJDEjJDgjJDgz,서울특별시서울의료원,종합병원,37.6132762,127.0978309,"서울특별시 중랑구 신내로 156, (신내동)",222,02-2276-7000,건강보험심사평가원_병원정보서비스_v2
hospital:JDQ4MTg4MSM1MSMkMSMkMCMkODkkMzgxMzUxIzExIyQxIyQ3IyQ2MiQyNjE4MzIjNDEjJDEjJDgjJDgz,서울현대병원,종합병원,37.6402555,127.0285199,"서울특별시 강북구 도봉로 374, (번동, 서울현대병원)",19,1588-6853,건강보험심사평가원_병원정보서비스_v2
hospital:JDQ4MTYyMiM3MSMkMSMkMCMkODkkMzgxMzUxIzExIyQxIyQzIyQxMyQyNjEyMjIjNzEjJDEjJDgjJDgz,선한병원,종합병원,35.1615964,126.8869934,"광주광역시 서구 무진대로 975-0, (광천동)",19,062-466-1000,건강보험심사평가원_병원정보서비스_v2
hospital:JDQ4MTYyMiM3MSMkMSMkMCMkODkkMzgxMzUxIzExIyQyIyQzIyQwMCQyNjE4MzIjNDEjJDEjJDgjJDgz,성가롤로병원,종합병원,34.9647333,127.5437073,"전라남도 순천시 순광로 221,  (조례동)",104,061-720-2000,건강보험심사평가원_병원정보서비스_v2
hospital:JDQ4MTYyMiM1MSMkMSMkMCMkODkkMzgxMzUxIzExIyQyIyQ3IyQwMCQzNjEyMjIjNjEjJDEjJDAjJDgz,성남시의료원,종합병원,37.4449939,127.1390646,"경기도 성남시 수정구 수정로171번길 10, 성남시의료원 (태평동)",64,031-738-7000,건강보험심사평가원_병원정보서비스_v2
hospital:JDQ4MTYyMiM1MSMkMSMkMCMkODkkMzgxMzUxIzExIyQxIyQzIyQ3OSQzNjE4MzIjNjEjJDEjJDAjJDgz,성남중앙병원,종합병원,37.4528497,127.1619932,"경기도 성남시 중원구 산성대로476번길 12, (금광동)",24,031-743-3000,건강보험심사평가원_병원정보서비스_v2
hospital:JDQ4MTg4MSM1MSMkMSMkMCMkODkkMzgxMzUxIzExIyQxIyQzIyQ5MiQyNjEyMjIjODEjJDEjJDYjJDgz,성심의료재단강동성심병원,종합병원,37.5359971,127.135378,"서울특별시 강동구 성안로 150, (길동)",245,02-2224-2114,건강보험심사평가원_병원정보서비스_v2
hospital:JDQ4MTg4MSM1MSMkMSMkMCMkODkkMzgxMzUxIzExIyQyIyQzIyQwMCQ0NjEwMDIjNzEjJDEjJDgjJDgz,성애의료재단 성애병원,종합병원,37.5120274,126.9225003,"서울특별시 영등포구 여의대방로53길 22, (신길동, 성애병원)",57,02-840-7114,건강보험심사평가원_병원정보서비스_v2
hospital:JDQ4MTg4MSM1MSMkMSMkMCMkODkkMzgxMzUxIzExIyQxIyQ3IyQ3OSQzNjEwMDIjODEjJDEjJDYjJDgz,세란병원,종합병원,37.5751835,126.9574606,"서울특별시 종로구 통일로 256, (무악동)",53,02-737-0181,건강보험심사평가원_병원정보서비스_v2
hospital:JDU4MTI3MSM1MSMkMSMkNCMkODkkMzgxMzUxIzExIyQxIyQzIyQ3OSQyNjEwMDIjNDEjJDEjJDgjJDgz,세종여주병원,종합병원,37.301484,127.6253003,"경기도 여주시 청심로 39, 세종여주병원 (하동)",25,031-880-7700,건강보험심사평가원_병원정보서비스_v2
hospital:JDQ4MTYyMiM2MSMkMSMkMiMkODkkMzgxMzUxIzExIyQxIyQzIyQ2MiQyNjEwMDIjNjEjJDEjJDQjJDgz,세종충남대학교병원,종합병원,36.5195133,127.2579427,"세종특별자치시 보듬7로 20, 세종충남대학교병원 (도담동)",128,1800-3114,건강보험심사평가원_병원정보서비스_v2
hospital:JDQ4MTYyMiM1MSMkMSMkMCMkODkkMzgxMzUxIzExIyQxIyQ3IyQ3OSQzNjE0ODEjNjEjJDEjJDgjJDgz,순천의료재단 성남정병원,종합병원,37.4398589,127.1290046,"경기도 성남시 수정구 수정로 76, 지하3~9층 (수진동)",25,031-750-6000,건강보험심사평가원_병원정보서비스_v2
hospital:JDQ4MTYyMiM3MSMkMSMkMCMkODkkMzgxMzUxIzExIyQxIyQzIyQ5OSQzNjEwMDIjNDEjJDEjJDgjJDgz,순천중앙병원,종합병원,34.9514574,127.4844458,"전라남도 순천시 장명로 5,  (장천동)",12,061-749-5000,건강보험심사평가원_병원정보서비스_v2
hospital:JDQ4MTYyMiM4MSMkMSMkMCMkODkkMzgxMzUxIzExIyQxIyQzIyQ2MiQzNjE0ODEjNDEjJDEjJDgjJDgz,순천향대학교 부속 구미병원,종합병원,36.1029182,128.3827377,"경상북도 구미시 1공단로 179,  (공단동)",91,054-468-9114,건강보험심사평가원_병원정보서비스_v2
hospital:JDQ4MTg4MSM1MSMkMSMkMCMkODkkMzgxMzUxIzExIyQxIyQzIyQ5OSQyNjEyMjIjNTEjJDEjJDIjJDgz,순천향대학교 부속 서울병원,종합병원,37.533804,127.0042579,"서울특별시 용산구 대사관로 59, (한남동)",382,02-709-9114,건강보험심사평가원_병원정보서비스_v2
hospital:JDQ4MTYyMiM2MSMkMSMkMiMkODkkMzgxMzUxIzExIyQxIyQzIyQ5OSQ0NjEwMDIjNjEjJDEjJDgjJDgz,순천향대학교부속 천안병원,종합병원,36.8027381,127.1358588,"충청남도 천안시 동남구 순천향6길 31,  5동 (봉명동,순천향대학교병원)",372,041-570-2114,건강보험심사평가원_병원정보서비스_v2
hospital:JDQ4MTYyMiM3MSMkMSMkMCMkODkkMzgxMzUxIzExIyQxIyQzIyQ3MiQyNjEyMjIjODEjJDEjJDIjJDgz,신가병원,종합병원,35.1774148,126.8296527,"광주광역시 광산구 목련로 316,  (신가동)",23,062-610-8100,건강보험심사평가원_병원정보서비스_v2
hospital:JDQ4MTg4MSM1MSMkMSMkMCMkODkkMzgxMzUxIzExIyQxIyQ3IyQ5OSQzNjE0ODEjNjEjJDEjJDQjJDgz,씨엠병원,종합병원,37.5188597,126.9041862,"서울특별시 영등포구 영등포로36길 13, (영등포동4가, 충무병원)",26,02-2678-0001,건강보험심사평가원_병원정보서비스_v2
hospital:JDQ4MTYyMiM2MSMkMSMkMiMkODkkMzgxMzUxIzExIyQyIyQzIyQwMCQzNjE0ODEjNTEjJDEjJDIjJDgz,아산충무병원,종합병원,36.7792647,127.0198062,"충청남도 아산시 문화로 381,  (모종동)",68,041-536-6666,건강보험심사평가원_병원정보서비스_v2
hospital:JDQ4MTYyMiM4MSMkMSMkMCMkODkkMzgxMzUxIzExIyQxIyQzIyQ4OSQyNjEwMDIjNjEjJDEjJDAjJDgz,안동성소병원,종합병원,36.5672422,128.7228172,"경상북도 안동시 서동문로 99,  (금곡동)",48,054-850-8114,건강보험심사평가원_병원정보서비스_v2
hospital:JDQ4MTYyMiM1MSMkMSMkMCMkODkkMzgxMzUxIzExIyQyIyQ3IyQwMCQyNjEyMjIjNDEjJDEjJDgjJDgz,안성성모병원,종합병원,37.0062179,127.2709213,"경기도 안성시 시장길 58, (서인동)",29,031-675-6007,건강보험심사평가원_병원정보서비스_v2
hospital:JDQ4MTYyMiM4MSMkMSMkNCMkODkkMzgxMzUxIzExIyQxIyQzIyQ5MiQyNjEyMjIjNDEjJDEjJDQjJDgz,양산성모병원,종합병원,35.4063625,129.1645144,"경상남도 양산시 서창로 59, (명동)",16,1600-7582,건강보험심사평가원_병원정보서비스_v2
hospital:JDQ4MTYyMiM4MSMkMSMkMCMkODkkMzgxMzUxIzExIyQxIyQzIyQ2MiQzNjE4MzIjNjEjJDEjJDQjJDgz,에스포항병원,종합병원,36.0348843,129.3314538,"경상북도 포항시 남구 희망대로 352,  (이동)",48,054-289-9000,건강보험심사평가원_병원정보서비스_v2
hospital:JDQ4MTYyMiM3MSMkMSMkMCMkODkkMzgxMzUxIzExIyQxIyQzIyQ2MiQzNjE4MzIjNDEjJDEjJDgjJDgz,여수전남병원,종합병원,34.7450673,127.7280181,"전라남도 여수시 좌수영로 49,  (광무동)",50,061-640-7128,건강보험심사평가원_병원정보서비스_v2
hospital:JDQ4MTYyMiM3MSMkMSMkMCMkODkkMzgxMzUxIzExIyQxIyQ3IyQ3OSQyNjEyMjIjODEjJDEjJDIjJDgz,여천전남병원,종합병원,34.7690278,127.6542286,"전라남도 여수시 무선로 95,  (선원동)",46,061-690-6000,건강보험심사평가원_병원정보서비스_v2
hospital:JDQ4MTYyMiM1MSMkMSMkMCMkODkkMzgxMzUxIzExIyQxIyQzIyQ2MiQyNjE4MzIjNDEjJDEjJDgjJDgz,연세대학교 의과대학 용인세브란스병원,종합병원,37.270805,127.1485144,"경기도 용인시 기흥구 동백죽전대로 363, (중동)",248,1899-1004,건강보험심사평가원_병원정보서비스_v2
hospital:JDQ4MTYyMiM4MSMkMSMkNCMkODkkMzgxMzUxIzExIyQxIyQzIyQ2MiQyNjE4MzIjNjEjJDEjJDgjJDgz,연세에스병원,종합병원,35.1547267,128.6983467,"경상남도 창원시 진해구 해원로32번길 13, (이동)",16,055-548-7700,건강보험심사평가원_병원정보서비스_v2
hospital:JDQ4MTYyMiM3MSMkMSMkMCMkODkkMzgxMzUxIzExIyQxIyQzIyQ3OSQ0NjE0ODEjNDEjJDEjJDgjJDgz,영광종합병원,종합병원,35.2844615,126.4989779,"전라남도 영광군 영광읍 와룡로 3, (영광읍)",24,061-350-8091,건강보험심사평가원_병원정보서비스_v2
hospital:JDQ4MTYyMiM4MSMkMSMkMCMkODkkMzgxMzUxIzExIyQyIyQzIyQwMCQyNjE4MzIjNjEjJDEjJDQjJDgz,영남대학교의과대학부속영천병원,종합병원,35.957285,128.913212,"경상북도 영천시 오수1길 10, (오수동)",17,054-338-9000,건강보험심사평가원_병원정보서비스_v2
hospital:JDQ4MTAxMiM1MSMkMSMkMCMkODkkMzgxMzUxIzExIyQxIyQzIyQ3MiQyNjE4MzIjNjEjJDEjJDQjJDgz,영도병원,종합병원,35.0922416,129.0405236,"부산광역시 영도구 태종로 85, (대교동2가)",31,051-414-8101,건강보험심사평가원_병원정보서비스_v2
hospital:JDQ4MTYyMiM4MSMkMSMkMCMkODkkMzgxMzUxIzExIyQxIyQzIyQ3MiQyNjEwMDIjNTEjJDEjJDYjJDgz,영주적십자병원,종합병원,36.8252688,128.6039024,"경상북도 영주시 대학로 327-0, 영주적십자병원",18,054-630-0100,건강보험심사평가원_병원정보서비스_v2
hospital:JDQ4MTYyMiM1MSMkMSMkMCMkODkkMzgxMzUxIzExIyQxIyQzIyQxMyQzNjEyMjIjNDEjJDEjJDgjJDgz,오산한국병원,종합병원,37.1412709,127.0753662,"경기도 오산시 밀머리로1번길 16, (원동)",48,031-379-8300,건강보험심사평가원_병원정보서비스_v2
hospital:JDQ4MTYyMiM1MSMkMSMkMCMkODkkMzgxMzUxIzExIyQxIyQ3IyQ3OSQzNjE4MzIjNDEjJDEjJDgjJDgz,온누리병원,종합병원,37.6027927,126.6543363,"인천광역시 서구 완정로 199, 199",21,032-567-6200,건강보험심사평가원_병원정보서비스_v2
hospital:JDQ4MTYyMiM1MSMkMSMkNCMkODkkMzgxMzUxIzExIyQxIyQzIyQ5OSQyNjE4MzIjNDEjJDEjJDQjJDgz,온재병원,종합병원,38.1980014,128.5783901,"강원특별자치도 속초시 중앙로 11-0, 속초보광병원",18,033-639-8500,건강보험심사평가원_병원정보서비스_v2
hospital:JDQ4MTg4MSM1MSMkMSMkMCMkODkkMzgxMzUxIzExIyQyIyQ3IyQwMCQzNjE0ODEjNTEjJDEjJDIjJDgz,우리들병원,종합병원,37.5620454,126.7963265,"서울특별시 강서구 하늘길 70, (과해동)",20,02-2660-7500,건강보험심사평가원_병원정보서비스_v2
hospital:JDQ4MTYyMiM3MSMkMSMkMCMkODkkMzgxMzUxIzExIyQxIyQzIyQxMyQ0NjE0ODEjNjEjJDEjJDgjJDgz,운암한국병원,종합병원,35.1850041,126.8696693,"광주광역시 북구 북문대로 191,  (운암동)",22,062-608-8000,건강보험심사평가원_병원정보서비스_v2
hospital:JDQ4MTYyMiM4MSMkMSMkNCMkODkkMzgxMzUxIzExIyQyIyQzIyQwMCQyNjEyMjIjNDEjJDEjJDgjJDgz,울산병원,종합병원,35.5462648,129.3231103,"울산광역시 남구 월평로171번길 13, (신정동)",53,052-259-5000,건강보험심사평가원_병원정보서비스_v2
hospital:JDQ4MTYyMiM4MSMkMSMkNCMkODkkMzgxMzUxIzExIyQxIyQzIyQ4MiQ0NjEwMDIjNDEjJDEjJDQjJDgz,울산엘리야병원,종합병원,35.6288626,129.3505372,"울산광역시 북구 호계로 285, (호계동)",20,052-290-2100,건강보험심사평가원_병원정보서비스_v2
hospital:JDQ4MTYyMiM1MSMkMSMkMCMkODkkMzgxMzUxIzExIyQxIyQzIyQ5MiQyNjE4MzIjNTEjJDEjJDIjJDgz,원광대학교 산본병원,종합병원,37.3594127,126.9336147,"경기도 군포시 산본로 321, (산본동)",47,031-390-2300,건강보험심사평가원_병원정보서비스_v2
hospital:JDQ4MTYyMiM1MSMkMSMkMCMkODkkMzgxMzUxIzExIyQxIyQ3IyQ5OSQzNjEwMDIjODEjJDEjJDYjJDgz,의료법인 갈렌의료재단 박병원,종합병원,37.0482657,127.0570008,"경기도 평택시 송탄로 33, (장당동)",26,031-666-2600,건강보험심사평가원_병원정보서비스_v2
hospital:JDQ4MTYyMiM1MSMkMSMkNCMkODkkMzgxMzUxIzExIyQxIyQzIyQ3OSQ0NjEwMDIjNjEjJDEjJDAjJDgz,의료법인 강릉동인병원,종합병원,37.77435,128.90735,"강원특별자치도 강릉시 강릉대로419번길 42-0,  (포남동)",38,033-650-6161,건강보험심사평가원_병원정보서비스_v2
hospital:JDQ4MTYyMiM4MSMkMSMkNCMkODkkMzgxMzUxIzExIyQxIyQzIyQ3OSQzNjE0ODEjNjEjJDEjJDQjJDgz,의료법인 거붕 백병원,종합병원,34.8736094,128.6261659,"경상남도 거제시 계룡로5길 14, (상동동)",30,055-733-0000,건강보험심사평가원_병원정보서비스_v2
hospital:JDQ4MTYyMiM1MSMkMSMkOCMkODkkMzgxMzUxIzExIyQxIyQzIyQ5OSQyNjE4MzIjNTEjJDEjJDYjJDgz,의료법인 건명의료재단 중앙제일병원,종합병원,36.8585629,127.4404044,"충청북도 진천군 진천읍 중앙북로 36-0, 진천성모병원",24,043-533-1711,건강보험심사평가원_병원정보서비스_v2
hospital:JDQ4MTAxMiM1MSMkMSMkMCMkODkkMzgxMzUxIzExIyQxIyQzIyQ2MiQzNjEwMDIjNjEjJDEjJDAjJDgz,의료법인 광혜의료재단 광혜병원,종합병원,35.2070104,129.0711482,"부산광역시 동래구 충렬대로 96, (온천동, 광혜병원)",24,051-503-2111,건강보험심사평가원_병원정보서비스_v2
hospital:JDQ4MTYyMiM4MSMkMSMkMCMkODkkMzgxMzUxIzExIyQxIyQzIyQ2MiQ0NjE0ODEjNTEjJDEjJDYjJDgz,의료법인 근원의료재단 경산중앙병원,종합병원,35.8088799,128.7401912,"경상북도 경산시 경안로 11,  (백천동)",33,053-715-0100,건강보험심사평가원_병원정보서비스_v2
hospital:JDQ4MTYyMiM1MSMkMSMkMCMkODkkMzgxMzUxIzExIyQyIyQ3IyQwMCQyNjEwMDIjNTEjJDEjJDYjJDgz,의료법인 남촌의료재단 시화병원,종합병원,37.3499313,126.7369422,"경기도 시흥시 군자천로 381, 시화병원 (정왕동)",81,031-1811-7000,건강보험심사평가원_병원정보서비스_v2
hospital:JDQ4MTYyMiM1MSMkMSMkMCMkODkkMzgxMzUxIzExIyQxIyQzIyQ4OSQ0NjE0ODEjNDEjJDEjJDQjJDgz,의료법인 녹산의료재단동수원병원,종합병원,37.2780648,127.0345486,"경기도 수원시 팔달구 중부대로 165, (우만동)",78,031-210-0114,건강보험심사평가원_병원정보서비스_v2
hospital:JDQ4MTYyMiM4MSMkMSMkNCMkODkkMzgxMzUxIzExIyQxIyQzIyQ4OSQyNjEyMjIjNjEjJDEjJDgjJDgz,의료법인 대우의료재단대우병원,종합병원,34.8712995,128.7216517,"경상남도 거제시 두모길 16-16, (두모동)",25,055-680-8114,건강보험심사평가원_병원정보서비스_v2
hospital:JDU4MTI3MSM1MSMkMSMkNCMkODkkMzgxMzUxIzExIyQxIyQzIyQ3OSQyNjEyMjIjNDEjJDEjJDQjJDgz,의료법인 덕산의료재단 수원덕산병원,종합병원,37.2586103,126.9743992,"경기도 수원시 권선구 서부로 1674, (고색동)",53,031-686-2000,건강보험심사평가원_병원정보서비스_v2
hospital:JDQ4MTYyMiM4MSMkMSMkNCMkODkkMzgxMzUxIzExIyQxIyQzIyQ3OSQ0NjE0ODEjODEjJDEjJDIjJDgz,의료법인 동강의료재단 동강병원,종합병원,35.553426,129.3019631,"울산광역시 중구 태화로 239, (태화동)",85,052-241-1114,건강보험심사평가원_병원정보서비스_v2
hospital:JDQ4MTYyMiM4MSMkMSMkNCMkODkkMzgxMzUxIzExIyQxIyQzIyQ4MiQzNjE0ODEjODEjJDEjJDYjJDgz,의료법인 동강의료재단 동천동강병원,종합병원,35.568536,129.3504382,"울산광역시 중구 외솔큰길 215, (남외동, 동천동강병원)",22,052-702-3114,건강보험심사평가원_병원정보서비스_v2
hospital:JDQ4MTYyMiM1MSMkMSMkNCMkODkkMzgxMzUxIzExIyQxIyQzIyQ4OSQyNjE0ODEjODEjJDEjJDIjJDgz,의료법인 동해동인병원,종합병원,37.5299417,129.1074625,"강원특별자치도 동해시 하평로 26, (평릉동)",18,033-530-0114,건강보험심사평가원_병원정보서비스_v2
hospital:JDQ4MTYyMiM1MSMkMSMkMCMkODkkMzgxMzUxIzExIyQxIyQzIyQ4MiQyNjE4MzIjNjEjJDEjJDQjJDgz,의료법인 록향의료재단 신천연합병원,종합병원,37.4445152,126.7894932,"경기도 시흥시 복지로 57, 복지로 61, 2층 (대야동)",24,031-310-6300,건강보험심사평가원_병원정보서비스_v2
hospital:JDQ4MTYyMiM1MSMkMSMkMCMkODkkMzgxMzUxIzExIyQyIyQ3IyQwMCQ0NjEwMDIjODEjJDEjJDYjJDgz,의료법인 명인의료재단 화홍병원,종합병원,37.2601268,126.9639084,"경기도 수원시 권선구 호매실로90번길 98, (호매실동)",65,031-278-0119,건강보험심사평가원_병원정보서비스_v2
hospital:JDQ4MTYyMiM1MSMkMSMkOCMkODkkMzgxMzUxIzExIyQxIyQzIyQ5OSQyNjEyMjIjNjEjJDEjJDQjJDgz,의료법인 명지의료재단 명지병원,종합병원,37.1634681,128.2339509,"충청북도 제천시 내토로 991-0, 의료법인명지의료재단명지병원",35,043-640-8114,건강보험심사평가원_병원정보서비스_v2
hospital:JDQ4MTYyMiM4MSMkMSMkNCMkODkkMzgxMzUxIzExIyQxIyQzIyQ5MiQyNjEwMDIjNDEjJDEjJDgjJDgz,의료법인 문병욱의료재단 진주고려병원,종합병원,35.1784915,128.0920864,"경상남도 진주시 동진로 2, (칠암동, 진주고려병원)",40,055-751-2500,건강보험심사평가원_병원정보서비스_v2
hospital:JDQ4MTYyMiM1MSMkMSMkMCMkODkkMzgxMzUxIzExIyQxIyQzIyQ3MiQyNjEyMjIjNDEjJDEjJDQjJDgz,의료법인 박애의료재단 박애병원,종합병원,36.9930636,127.0890756,"경기도 평택시 평택2로20번길 3, (평택동)",20,031-652-2121,건강보험심사평가원_병원정보서비스_v2
hospital:JDQ4MTYyMiM2MSMkMSMkMiMkODkkMzgxMzUxIzExIyQxIyQzIyQ3OSQzNjEyMjIjNzEjJDEjJDgjJDgz,의료법인 백제병원,종합병원,36.1921929,127.0944739,"충청남도 논산시 시민로294번길 14,  (취암동)",51,041-733-2191,건강보험심사평가원_병원정보서비스_v2
hospital:JDQ4MTYyMiM4MSMkMSMkMCMkODkkMzgxMzUxIzExIyQxIyQzIyQ4MiQyNjE0ODEjNTEjJDEjJDIjJDgz,의료법인 서명의료재단 세명종합병원,종합병원,35.8263331,128.7371689,"경상북도 경산시 경안로 208, (중방동)",38,053-819-8800,건강보험심사평가원_병원정보서비스_v2
hospital:JDQ4MTYyMiM1MSMkMSMkMCMkODkkMzgxMzUxIzExIyQxIyQzIyQxMyQyNjEwMDIjNDEjJDEjJDgjJDgz,의료법인 석경의료재단 센트럴병원,종합병원,37.3369084,126.7281267,"경기도 시흥시 공단1대로 237, (정왕동, 센트럴 병원)",42,031-8041-3000,건강보험심사평가원_병원정보서비스_v2
hospital:JDQ4MTYyMiM4MSMkMSMkNCMkODkkMzgxMzUxIzExIyQxIyQzIyQ3MiQzNjE4MzIjNjEjJDEjJDgjJDgz,의료법인 성념의료재단맑은샘병원,종합병원,34.8978348,128.6437581,"경상남도 거제시 연초면 거제대로 4477, (연초면)",15,055-731-1240,건강보험심사평가원_병원정보서비스_v2
hospital:JDQ4MTYyMiM1MSMkMSMkMCMkODkkMzgxMzUxIzExIyQxIyQ3IyQ5OSQyNjEwMDIjNjEjJDEjJDgjJDgz,의료법인 성수의료재단 인천백병원,종합병원,37.4817037,126.6458376,"인천광역시 동구 샛골로 214- , (송림동)",28,032-765-7070,건강보험심사평가원_병원정보서비스_v2
hospital:JDQ4MTAxMiM1MSMkMSMkMCMkODkkMzgxMzUxIzExIyQxIyQzIyQ4MiQ0NjE0ODEjNTEjJDEjJDYjJDgz,의료법인 센텀의료재단 센텀종합병원,종합병원,35.1668299,129.1144194,"부산광역시 수영구 수영로679번길 8, (광안동)",61,051-750-5000,건강보험심사평가원_병원정보서비스_v2
hospital:JDQ4MTYyMiM4MSMkMSMkNCMkODkkMzgxMzUxIzExIyQxIyQzIyQ3MiQ0NjEwMDIjNTEjJDEjJDIjJDgz,의료법인 송은의료재단 울산시티병원,종합병원,35.5828446,129.3590343,"울산광역시 북구 산업로 1007, (연암동)",53,052-280-9000,건강보험심사평가원_병원정보서비스_v2
hospital:JDQ4MTYyMiM1MSMkMSMkMCMkODkkMzgxMzUxIzExIyQxIyQ3IyQ5OSQyNjEyMjIjNjEjJDEjJDAjJDgz,의료법인 양진의료재단 평택성모병원,종합병원,37.0084186,127.0743334,"경기도 평택시 평택로 284, (세교동)",74,031-1800-8800,건강보험심사평가원_병원정보서비스_v2
hospital:JDQ4MTYyMiM1MSMkMSMkMCMkODkkMzgxMzUxIzExIyQxIyQ3IyQ4OSQ0NjEwMDIjNjEjJDEjJDAjJDgz,의료법인 영동의료재단 의정부백병원,종합병원,37.7453263,127.0622375,"경기도 의정부시 금신로 322, (신곡동)",23,031-856-8111,건강보험심사평가원_병원정보서비스_v2
hospital:JDQ4MTYyMiM2MSMkMSMkMiMkODkkMzgxMzUxIzExIyQxIyQzIyQ5OSQzNjEwMDIjNTEjJDEjJDYjJDgz,의료법인 영서의료재단 천안충무병원,종합병원,36.7974082,127.1314943,"충청남도 천안시 서북구 다가말3길 8,  (쌍용동)",73,041-570-7555,건강보험심사평가원_병원정보서비스_v2
hospital:JDQ4MTYyMiM2MSMkMSMkMiMkODkkMzgxMzUxIzExIyQyIyQzIyQwMCQ0NjEwMDIjNTEjJDEjJDYjJDgz,의료법인 영제 의료재단 엔케이세종병원,종합병원,36.4796231,127.2622579,"세종특별자치시 한누리대로 161, 세종시 NK리움힐 상가 1~8층 (나성동)",18,044-850-7700,건강보험심사평가원_병원정보서비스_v2
hospital:JDQ4MTYyMiM2MSMkMSMkMiMkODkkMzgxMzUxIzExIyQxIyQzIyQ3OSQ0NjEwMDIjNDEjJDEjJDgjJDgz,의료법인 영훈의료재단 대전선병원,종합병원,36.3360669,127.4104139,"대전광역시 중구 목중로 29, (목동)",72,042-220-8114,건강보험심사평가원_병원정보서비스_v2
hospital:JDQ4MTYyMiM2MSMkMSMkMiMkODkkMzgxMzUxIzExIyQxIyQzIyQ2MiQyNjE0ODEjNzEjJDEjJDgjJDgz,의료법인 예당의료재단 예산종합병원,종합병원,36.6910744,126.8379717,"충청남도 예산군 예산읍 금오대로 94, (예산읍)",12,041-330-4000,건강보험심사평가원_병원정보서비스_v2
hospital:JDQ4MTYyMiM2MSMkMSMkNiMkODkkMzgxMzUxIzExIyQxIyQzIyQ5OSQyNjEyMjIjNTEjJDEjJDIjJDgz,의료법인 오성의료재단 동군산병원,종합병원,35.9774829,126.737162,"전북특별자치도 군산시 조촌로 149,  (조촌동)",56,063-440-0300,건강보험심사평가원_병원정보서비스_v2
hospital:JDQ4MTAxMiM1MSMkMSMkMCMkODkkMzgxMzUxIzExIyQxIyQzIyQ4MiQyNjEwMDIjNjEjJDEjJDgjJDgz,의료법인 온그룹의료재단 온병원,종합병원,35.1574359,129.0504284,"부산광역시 부산진구 가야대로 719, ,767,721,본관 지하3~11층 전부,12층 일부,13~14층 전부,15층 일부,신관 1층, 9층 일부 (당감동)",74,051-607-0114,건강보험심사평가원_병원정보서비스_v2
hospital:JDQ4MTYyMiM3MSMkMSMkMCMkODkkMzgxMzUxIzExIyQxIyQzIyQwMyQzNjE0ODEjNjEjJDEjJDgjJDgz,의료법인 우범의료재단 장흥종합병원,종합병원,34.6771314,126.9109162,"전라남도 장흥군 장흥읍 흥성로 74, 74",10,061-862-8300,건강보험심사평가원_병원정보서비스_v2
hospital:JDQ4MTYyMiM1MSMkMSMkMCMkODkkMzgxMzUxIzExIyQyIyQ3IyQwMCQzNjEwMDIjNjEjJDEjJDgjJDgz,의료법인 원광의료재단 원광종합병원,종합병원,37.2101373,127.0081096,"경기도 화성시 병점구 화산북로 21, (송산동)",22,031-8077-7200,건강보험심사평가원_병원정보서비스_v2
hospital:JDQ4MTAxMiM1MSMkMSMkMCMkODkkMzgxMzUxIzExIyQxIyQzIyQ3MiQ0NjE0ODEjNjEjJDEjJDgjJDgz,의료법인 은성의료재단 좋은강안병원,종합병원,35.1500685,129.1106218,"부산광역시 수영구 수영로 493, (남천동)",96,051-625-0900,건강보험심사평가원_병원정보서비스_v2
hospital:JDQ4MTAxMiM1MSMkMSMkMCMkODkkMzgxMzUxIzExIyQxIyQzIyQ3MiQyNjE0ODEjNDEjJDEjJDgjJDgz,의료법인 은성의료재단 좋은삼선병원,종합병원,35.150416,129.0082463,"부산광역시 사상구 가야대로 326, 좋은삼선병원 (주례동)",80,051-322-0900,건강보험심사평가원_병원정보서비스_v2
hospital:JDQ4MTYyMiM4MSMkMSMkNCMkODkkMzgxMzUxIzExIyQxIyQzIyQ3MiQ0NjE0ODEjNjEjJDEjJDAjJDgz,의료법인 은성의료재단 좋은삼정병원,종합병원,35.5528955,129.2688242,"울산광역시 남구 북부순환도로 51, (무거동)",35,052-220-7500,건강보험심사평가원_병원정보서비스_v2
hospital:JDQ4MTYyMiM1MSMkMSMkMCMkODkkMzgxMzUxIzExIyQxIyQzIyQxMyQyNjE4MzIjNzEjJDEjJDgjJDgz,의료법인 은혜와감사의료재단 화성중앙종합병원,종합병원,37.1313512,126.9107797,"경기도 화성시 만세구 향남읍 발안로 5, (향남읍)",15,031-352-8114,건강보험심사평가원_병원정보서비스_v2
hospital:JDQ4MTAxMiM1MSMkMSMkMCMkODkkMzgxMzUxIzExIyQxIyQzIyQ4MiQyNjE4MzIjNTEjJDEjJDIjJDgz,의료법인 인당의료재단 부민병원,종합병원,35.2119276,129.0112115,"부산광역시 북구 만덕대로 59, (덕천동)",72,051-330-3000,건강보험심사평가원_병원정보서비스_v2
hospital:JDQ4MTAxMiM1MSMkMSMkMCMkODkkMzgxMzUxIzExIyQxIyQzIyQ4MiQzNjE0ODEjNDEjJDEjJDgjJDgz,의료법인 인당의료재단 해운대부민병원,종합병원,35.1614208,129.1556545,"부산광역시 해운대구 해운대로 584, 해운대 부민병원 지하4~지상13층 (우동)",64,602-8000,건강보험심사평가원_병원정보서비스_v2
hospital:JDQ4MTYyMiM1MSMkMSMkMCMkODkkMzgxMzUxIzExIyQxIyQzIyQ4MiQyNjEwMDIjODEjJDEjJDYjJDgz,의료법인 인천사랑병원,종합병원,37.462204,126.6807094,"인천광역시 미추홀구 미추홀대로 726-0, 인천사랑병원",64,032-457-2000,건강보험심사평가원_병원정보서비스_v2
hospital:JDQ4MTYyMiM1MSMkMSMkOCMkODkkMzgxMzUxIzExIyQxIyQzIyQ4OSQzNjE0ODEjNjEjJDEjJDAjJDgz,의료법인 인화재단 한국병원,종합병원,36.6195069,127.4965379,"충청북도 청주시 상당구 단재로 106-0, 한국병원",90,043-222-7000,건강보험심사평가원_병원정보서비스_v2
hospital:JDQ4MTYyMiM1MSMkMSMkMCMkODkkMzgxMzUxIzExIyQxIyQ3IyQ3OSQzNjEwMDIjNjEjJDEjJDAjJDgz,의료법인 일심의료재단 포천우리병원,종합병원,37.827471,127.1481863,"경기도 포천시 소흘읍 호국로 661, 661",47,031-542-0222,건강보험심사평가원_병원정보서비스_v2
hospital:JDQ4MTYyMiM1MSMkMSMkOCMkODkkMzgxMzUxIzExIyQxIyQzIyQ4OSQyNjEwMDIjNDEjJDEjJDQjJDgz,의료법인 자산의료재단 제천서울병원,종합병원,37.138611,128.2062355,"충청북도 제천시 숭문로 57-0, 서울병원",25,043-640-7600,건강보험심사평가원_병원정보서비스_v2
hospital:JDQ4MTYyMiM1MSMkMSMkOCMkODkkMzgxMzUxIzExIyQxIyQzIyQ5OSQyNjEwMDIjNzEjJDEjJDgjJDgz,의료법인 정산의료재단 효성병원,종합병원,36.6244786,127.4953372,"충청북도 청주시 상당구 쇠내로 16-0, 효성병원",50,043-221-5000,건강보험심사평가원_병원정보서비스_v2
hospital:JDQ4MTYyMiM4MSMkMSMkNCMkODkkMzgxMzUxIzExIyQxIyQzIyQ4MiQyNjEyMjIjNTEjJDEjJDIjJDgz,의료법인 정안의료재단 중앙병원,종합병원,35.5322423,129.3046446,"울산광역시 남구 문수로 472, 중앙병원 (신정동)",48,052-226-1100,건강보험심사평가원_병원정보서비스_v2
hospital:JDQ4MTYyMiM4MSMkMSMkOCMkODkkMzgxMzUxIzExIyQxIyQzIyQ4OSQzNjE4MzIjNDEjJDEjJDgjJDgz,의료법인 중앙의료재단 중앙병원,종합병원,33.4923256,126.470529,"제주특별자치도 제주시 월랑로 91-0, 중앙병원",28,064-786-7000,건강보험심사평가원_병원정보서비스_v2
hospital:JDQ4MTg4MSM1MSMkMSMkMCMkODkkMzgxMzUxIzExIyQxIyQzIyQ5MiQyNjEwMDIjNDEjJDEjJDgjJDgz,의료법인 청구성심병원,종합병원,37.6208615,126.9197006,"서울특별시 은평구 통일로 873, (갈현동)",25,02-350-3300,건강보험심사평가원_병원정보서비스_v2
hospital:JDQ4MTYyMiM1MSMkMSMkMCMkODkkMzgxMzUxIzExIyQxIyQ3IyQ2MiQyNjE4MzIjNzEjJDEjJDgjJDgz,의료법인 토마스의료재단 윌스기념병원,종합병원,37.2653229,127.0255443,"경기도 수원시 팔달구 경수대로 437, (인계동)",71,031-223-2233,건강보험심사평가원_병원정보서비스_v2
hospital:JDQ4MTYyMiM1MSMkMSMkMCMkODkkMzgxMzUxIzExIyQxIyQ3IyQ2MiQyNjE0ODEjNTEjJDEjJDIjJDgz,의료법인 플러스의료재단 단원병원,종합병원,37.3002282,126.8134984,"경기도 안산시 단원구 원포공원1로 20, (초지동)",63,031-8040-6600,건강보험심사평가원_병원정보서비스_v2
hospital:JDQ4MTAxMiM1MSMkMSMkMCMkODkkMzgxMzUxIzExIyQxIyQzIyQ4MiQzNjE4MzIjNjEjJDEjJDQjJDgz,의료법인 행도의료재단 해동병원,종합병원,35.0919442,129.043866,"부산광역시 영도구 태종로 133, (봉래동3가)",24,051-412-6161,건강보험심사평가원_병원정보서비스_v2
hospital:JDQ4MTYyMiM4MSMkMSMkOCMkODkkMzgxMzUxIzExIyQxIyQzIyQ4OSQyNjEyMjIjNDEjJDEjJDQjJDgz,의료법인 혜인의료재단 한국병원,종합병원,33.500233,126.517062,"제주특별자치도 제주시 서광로 193, (삼도일동)",36,064-750-0000,건강보험심사평가원_병원정보서비스_v2
hospital:JDQ4MTYyMiM1MSMkMSMkOCMkODkkMzgxMzUxIzExIyQxIyQzIyQ5OSQzNjE0ODEjNDEjJDEjJDgjJDgz,의료법인 힐링의료재단 옥천성모병원,종합병원,36.3133286,127.5720099,"충청북도 옥천군 옥천읍 성왕로 1195-0,",18,043-730-7000,건강보험심사평가원_병원정보서비스_v2
hospital:JDQ4MTYyMiM4MSMkMSMkNCMkODkkMzgxMzUxIzExIyQxIyQzIyQ3MiQzNjE0ODEjNDEjJDEjJDgjJDgz,의료법인갑을의료재단 갑을장유병원,종합병원,35.2086652,128.8056169,"경상남도 김해시 장유로 167-13, (부곡동)",27,055-310-6000,건강보험심사평가원_병원정보서비스_v2
hospital:JDQ4MTYyMiM3MSMkMSMkMCMkODkkMzgxMzUxIzExIyQxIyQzIyQwMyQyNjEyMjIjNDEjJDEjJDQjJDgz,의료법인거명의료재단 영광기독병원,종합병원,35.2749379,126.5108768,"전라남도 영광군 영광읍 신남로 265, (영광읍)",14,061-350-3000,건강보험심사평가원_병원정보서비스_v2
hospital:JDQ4MTYyMiM4MSMkMSMkMCMkODkkMzgxMzUxIzExIyQyIyQzIyQwMCQyNjEyMjIjNzEjJDEjJDgjJDgz,의료법인구의료재단 구병원,종합병원,35.8506236,128.5414437,"대구광역시 달서구 감삼북길 141, (감삼동)",47,053-560-9114,건강보험심사평가원_병원정보서비스_v2
hospital:JDQ4MTYyMiM3MSMkMSMkMCMkODkkMzgxMzUxIzExIyQxIyQzIyQ5OSQzNjE0ODEjNTEjJDEjJDIjJDgz,의료법인대송의료재단 무안병원,종합병원,34.9916301,126.4893984,"전라남도 무안군 무안읍 몽탄로 65, (무안읍)",17,061-450-3111,건강보험심사평가원_병원정보서비스_v2
hospital:JDQ4MTYyMiM1MSMkMSMkMCMkODkkMzgxMzUxIzExIyQxIyQzIyQwMyQzNjEwMDIjNjEjJDEjJDgjJDgz,의료법인대인의료재단 다니엘종합병원,종합병원,37.5123067,126.7694764,"경기도 부천시 원미구 중동로 361, 다니엘종합병원 (약대동)",21,032-670-0001,건강보험심사평가원_병원정보서비스_v2
hospital:JDQ4MTYyMiM4MSMkMSMkMCMkODkkMzgxMzUxIzExIyQxIyQzIyQ2MiQyNjEwMDIjNjEjJDEjJDgjJDgz,의료법인덕산의료재단김천제일병원,종합병원,36.1354003,128.1187923,"경상북도 김천시 신음1길 12,  (신음동)",38,054-420-9300,건강보험심사평가원_병원정보서비스_v2
hospital:JDQ4MTg4MSM1MSMkMSMkMCMkODkkMzgxMzUxIzExIyQxIyQzIyQxMyQ0NjE0ODEjNTEjJDEjJDIjJDgz,의료법인동신의료재단 동신병원,종합병원,37.5813323,126.9364251,"서울특별시 서대문구 연희로 272, 동신병원 본관동 (홍은동)",20,02-396-9161,건강보험심사평가원_병원정보서비스_v2
hospital:JDQ4MTYyMiM4MSMkMSMkMCMkODkkMzgxMzUxIzExIyQxIyQzIyQ4OSQyNjE0ODEjNjEjJDEjJDgjJDgz,의료법인동춘의료재단문경제일병원,종합병원,36.58444,128.1892251,"경상북도 문경시 당교3길 25,  (모전동)",38,054-550-7700,건강보험심사평가원_병원정보서비스_v2
hospital:JDQ4MTYyMiM1MSMkMSMkMCMkODkkMzgxMzUxIzExIyQxIyQzIyQ5MiQyNjEyMjIjNjEjJDEjJDAjJDgz,의료법인루가의료재단 나은병원,종합병원,37.4890717,126.6797292,"인천광역시 서구 원적로 23, 23",93,032-584-0114,건강보험심사평가원_병원정보서비스_v2
hospital:JDQ4MTYyMiM1MSMkMSMkMCMkODkkMzgxMzUxIzExIyQyIyQzIyQwMCQzNjE4MzIjNjEjJDEjJDgjJDgz,의료법인명지의료재단명지병원,종합병원,37.6419949,126.8312622,"경기도 고양시 덕양구 화수로14번길 55, (화정동)",212,031-810-5114,건강보험심사평가원_병원정보서비스_v2
hospital:JDQ4MTYyMiM3MSMkMSMkMCMkODkkMzgxMzUxIzExIyQxIyQzIyQwMyQzNjEwMDIjNjEjJDEjJDAjJDgz,의료법인목포구암의료재단 목포중앙병원,종합병원,34.8213916,126.4210249,"전라남도 목포시 영산로 623,  (석현동)",35,061-280-3000,건강보험심사평가원_병원정보서비스_v2
hospital:JDQ4MTYyMiM1MSMkMSMkMCMkODkkMzgxMzUxIzExIyQxIyQzIyQ5MiQzNjE4MzIjNjEjJDEjJDQjJDgz,의료법인백송의료재단 굿모닝병원,종합병원,36.9906277,127.1204113,"경기도 평택시 중앙로 338, (합정동)",96,031-5182-7700,건강보험심사평가원_병원정보서비스_v2
hospital:JDQ4MTYyMiM4MSMkMSMkMCMkODkkMzgxMzUxIzExIyQxIyQzIyQ2MiQzNjEwMDIjODEjJDEjJDYjJDgz,의료법인삼백의료재단상주성모병원,종합병원,36.4203907,128.1597338,"경상북도 상주시 냉림서성길 7,  (냉림동)",16,054-532-5001,건강보험심사평가원_병원정보서비스_v2
hospital:JDQ4MTg4MSM1MSMkMSMkMCMkODkkMzgxMzUxIzExIyQyIyQ3IyQwMCQ0NjEwMDIjNTEjJDEjJDYjJDgz,의료법인서울효천의료재단 에이치플러스양지병원,종합병원,37.4841536,126.9325692,"서울특별시 관악구 남부순환로 1636, 양지병원 (신림동)",99,02-1877-8875,건강보험심사평가원_병원정보서비스_v2
hospital:JDQ4MTYyMiM4MSMkMSMkNCMkODkkMzgxMzUxIzExIyQyIyQzIyQwMCQ0NjE0ODEjNDEjJDEjJDQjJDgz,의료법인석영의료재단창원제일종합병원,종합병원,35.199085,128.5676,"경상남도 창원시 마산합포구 3·15대로 238, (중앙동3가)",15,055-223-9000,건강보험심사평가원_병원정보서비스_v2
hospital:JDQ4MTYyMiM2MSMkMSMkNiMkODkkMzgxMzUxIzExIyQxIyQzIyQ5OSQyNjE0ODEjNjEjJDEjJDgjJDgz,의료법인석천재단고창병원,종합병원,35.4364278,126.6933531,"전북특별자치도 고창군 고창읍 화신1길 9, (고창읍)",16,063-560-5600,건강보험심사평가원_병원정보서비스_v2
hospital:JDQ4MTYyMiM1MSMkMSMkMCMkODkkMzgxMzUxIzExIyQyIyQ3IyQwMCQzNjE4MzIjNTEjJDEjJDIjJDgz,의료법인성광의료재단일산차병원,종합병원,37.6541317,126.7757374,"경기도 고양시 일산동구 중앙로 1205, 지하1층2층4층(일부), 1층2층6층(일부),지하2층,4~5층, 7~10층(장항동)",93,031-782-8300,건강보험심사평가원_병원정보서비스_v2
hospital:JDQ4MTg4MSM1MSMkMSMkMCMkODkkMzgxMzUxIzExIyQxIyQ3IyQ4OSQzNjEwMDIjNjEjJDEjJDgjJDgz,의료법인성화의료재단  대한병원,종합병원,37.6354747,127.0226914,"서울특별시 강북구 도봉로 301, (수유동, 대한병원)",12,02-903-3232,건강보험심사평가원_병원정보서비스_v2
hospital:JDQ4MTYyMiM4MSMkMSMkNCMkODkkMzgxMzUxIzExIyQxIyQzIyQ4MiQzNjE4MzIjNTEjJDEjJDYjJDgz,의료법인숭인의료재단 김해복음병원,종합병원,35.2306263,128.8931625,"경상남도 김해시 활천로 33, (삼정동)",46,055-330-8888,건강보험심사평가원_병원정보서비스_v2
hospital:JDQ4MTYyMiM4MSMkMSMkMCMkODkkMzgxMzUxIzExIyQxIyQzIyQ4OSQyNjEyMjIjNTEjJDEjJDIjJDgz,의료법인안동병원,종합병원,36.5467408,128.7010976,"경상북도 안동시 앙실로 11,  (수상동)",107,054-840-1004,건강보험심사평가원_병원정보서비스_v2
hospital:JDQ4MTYyMiM2MSMkMSMkNiMkODkkMzgxMzUxIzExIyQxIyQzIyQ5OSQyNjEwMDIjNjEjJDEjJDAjJDgz,의료법인영경의료재단전주병원,종합병원,35.8152645,127.1248245,"전북특별자치도 전주시 완산구 한두평3길 13, (중화산동2가, 전주병원)",52,063-220-7200,건강보험심사평가원_병원정보서비스_v2
hospital:JDQ4MTYyMiM3MSMkMSMkMCMkODkkMzgxMzUxIzExIyQxIyQzIyQ5OSQyNjE4MzIjNjEjJDEjJDAjJDgz,의료법인영성의료재단 고흥종합병원,종합병원,34.6210654,127.2939625,"전라남도 고흥군 고흥읍 고흥로 1935, (고흥읍)",15,061-835-6000,건강보험심사평가원_병원정보서비스_v2
hospital:JDQ4MTYyMiM2MSMkMSMkMiMkODkkMzgxMzUxIzExIyQxIyQzIyQ5OSQ0NjE0ODEjODEjJDEjJDIjJDgz,의료법인영훈의료재단 유성선병원,종합병원,36.3751715,127.3249507,"대전광역시 유성구 북유성대로 93-0,  0동 0호 (지족동,유선성병원)",102,042-609-1000,건강보험심사평가원_병원정보서비스_v2
hospital:JDQ4MTYyMiM1MSMkMSMkMCMkODkkMzgxMzUxIzExIyQxIyQ3IyQ3OSQ0NjE0ODEjODEjJDEjJDYjJDgz,의료법인우리의료재단김포우리병원,종합병원,37.6323325,126.7107331,"경기도 김포시 감암로 11, 김포우리병원 (걸포동)",111,031-999-1000,건강보험심사평가원_병원정보서비스_v2
hospital:JDQ4MTYyMiM4MSMkMSMkMCMkODkkMzgxMzUxIzExIyQxIyQzIyQ3MiQyNjE0ODEjNjEjJDEjJDQjJDgz,의료법인은성의료재단좋은선린병원,종합병원,36.048263,129.3670367,"경상북도 포항시 북구 대신로 43,  (대신동)",27,054-245-5000,건강보험심사평가원_병원정보서비스_v2
hospital:JDQ4MTYyMiM1MSMkMSMkMCMkODkkMzgxMzUxIzExIyQxIyQ3IyQ4OSQyNjE0ODEjNDEjJDEjJDgjJDgz,의료법인인봉의료재단뉴고려병원,종합병원,37.640959,126.6602138,"경기도 김포시 김포한강3로 283, 뉴고려병원 (장기동)",62,031-998-8129,건강보험심사평가원_병원정보서비스_v2
hospital:JDQ4MTYyMiM1MSMkMSMkMCMkODkkMzgxMzUxIzExIyQxIyQ3IyQ3MiQyNjE0ODEjNDEjJDEjJDQjJDgz,의료법인자인의료재단(더자인병원),종합병원,37.6229778,126.8357506,"경기도 고양시 덕양구 중앙로 555, /중앙로557번길 555, /중앙로557번길 14, 지하1(일부),1-6층 (행신동)",33,031-930-3114,건강보험심사평가원_병원정보서비스_v2
hospital:JDQ4MTAxMiM1MSMkMSMkMCMkODkkMzgxMzUxIzExIyQxIyQzIyQ2MiQzNjEyMjIjNTEjJDEjJDIjJDgz,의료법인정화의료재단 봉생기념병원,종합병원,35.1310265,129.0501907,"부산광역시 동구 중앙대로 401, (좌천동, 봉생병원)",66,051-664-4000,건강보험심사평가원_병원정보서비스_v2
hospital:JDQ4MTYyMiM4MSMkMSMkNCMkODkkMzgxMzUxIzExIyQxIyQzIyQ2MiQyNjE0ODEjNDEjJDEjJDgjJDgz,의료법인청아의료재단청아병원,종합병원,35.2480349,128.50965,"경상남도 창원시 마산회원구 내서읍 광려천서로 67, (청아병원)",20,055-230-1500,건강보험심사평가원_병원정보서비스_v2
hospital:JDQ4MTYyMiM3MSMkMSMkMCMkODkkMzgxMzUxIzExIyQxIyQzIyQ5MiQyNjEyMjIjNTEjJDEjJDIjJDgz,의료법인청언의료재단 순천제일병원,종합병원,34.9549262,127.524175,"전라남도 순천시 기적의도서관1길 3,  (조례동)",13,061-720-3500,건강보험심사평가원_병원정보서비스_v2
hospital:JDQ4MTYyMiM1MSMkMSMkMCMkODkkMzgxMzUxIzExIyQxIyQ3IyQ2MiQzNjE4MzIjNDEjJDEjJDQjJDgz,의료법인칠석의료재단사랑의병원,종합병원,37.3269353,126.8449325,"경기도 안산시 상록구 예술광장로 69, 사랑의병원(593-4번지/593-5번지) (성포동)",38,031-439-3000,건강보험심사평가원_병원정보서비스_v2
hospital:JDQ4MTg4MSM1MSMkMSMkMCMkODkkMzgxMzUxIzExIyQxIyQzIyQxMyQyNjE4MzIjNDEjJDEjJDgjJDgz,의료법인풍산의료재단동부제일병원,종합병원,37.6007085,127.1090094,"서울특별시 중랑구 망우로 511, 동부제일병원 지하1~6층 (망우동)",24,02-437-5011,건강보험심사평가원_병원정보서비스_v2
hospital:JDQ4MTYyMiM3MSMkMSMkMCMkODkkMzgxMzUxIzExIyQyIyQzIyQwMCQzNjE4MzIjNjEjJDEjJDAjJDgz,의료법인한국의료재단 순천한국병원,종합병원,34.9477666,127.5122885,"전라남도 순천시 우명길 42,  (연향동)",20,061-740-5000,건강보험심사평가원_병원정보서비스_v2
hospital:JDQ4MTYyMiM3MSMkMSMkMCMkODkkMzgxMzUxIzExIyQxIyQzIyQxMyQ0NjEwMDIjNjEjJDEjJDAjJDgz,의료법인한마음의료재단 여수제일병원,종합병원,34.7659726,127.6635449,"전라남도 여수시 쌍봉로 70, (학동)",49,061-689-8123,건강보험심사평가원_병원정보서비스_v2
hospital:JDQ4MTYyMiM1MSMkMSMkOCMkODkkMzgxMzUxIzExIyQxIyQzIyQ4OSQzNjE4MzIjODEjJDEjJDYjJDgz,의료법인한마음의료재단하나병원,종합병원,36.6235046,127.4308626,"충청북도 청주시 흥덕구 2순환로 1262-0, 하나병원",86,043-230-6114,건강보험심사평가원_병원정보서비스_v2
hospital:JDQ4MTYyMiM4MSMkMSMkMCMkODkkMzgxMzUxIzExIyQxIyQzIyQ5OSQyNjEwMDIjNDEjJDEjJDgjJDgz,의료법인한성재단포항세명기독병원,종합병원,36.0177172,129.3622256,"경상북도 포항시 남구 포스코대로 351,  (대도동)",131,054-275-0005,건강보험심사평가원_병원정보서비스_v2
hospital:JDQ4MTg4MSM1MSMkMSMkMCMkODkkMzgxMzUxIzExIyQxIyQ3IyQ4OSQ0NjEwMDIjODEjJDEjJDYjJDgz,의료법인한전의료재단 한일병원,종합병원,37.6461401,127.0291228,"서울특별시 도봉구 우이천로 308, 한일병원 (쌍문동)",114,02-901-3114,건강보험심사평가원_병원정보서비스_v2
hospital:JDQ4MTYyMiM4MSMkMSMkNCMkODkkMzgxMzUxIzExIyQyIyQzIyQwMCQ0NjEwMDIjODEjJDEjJDIjJDgz,의료법인합포의료재단에스엠지연세병원,종합병원,35.1863148,128.5616013,"경상남도 창원시 마산합포구 3·15대로 76, (월남동2가, 합포의료재단)",40,055-243-0100,건강보험심사평가원_병원정보서비스_v2
hospital:JDQ4MTYyMiM3MSMkMSMkMCMkODkkMzgxMzUxIzExIyQxIyQzIyQ5MiQzNjE4MzIjNTEjJDEjJDYjJDgz,의료법인해민의료재단 세안종합병원,종합병원,34.8168191,126.380233,"전라남도 목포시 고하대로 795-2, (연산동)",14,061-260-6700,건강보험심사평가원_병원정보서비스_v2
hospital:JDQ4MTYyMiM3MSMkMSMkMCMkODkkMzgxMzUxIzExIyQxIyQzIyQ3OSQzNjEyMjIjNjEjJDEjJDAjJDgz,의료법인행촌의료재단 해남종합병원,종합병원,34.5717971,126.6127914,"전라남도 해남군 해남읍 해남로 45, (해남읍)",24,061-536-4116,건강보험심사평가원_병원정보서비스_v2
hospital:JDQ4MTYyMiM3MSMkMSMkMCMkODkkMzgxMzUxIzExIyQxIyQ3IyQ3OSQyNjE4MzIjNjEjJDEjJDgjJDgz,의료법인현경의료재단 광양서울병원,종합병원,34.9579361,127.6905821,"전라남도 광양시 진등길 93,  (마동)",18,061-795-9931,건강보험심사평가원_병원정보서비스_v2
hospital:JDQ4MTYyMiM4MSMkMSMkNCMkODkkMzgxMzUxIzExIyQxIyQzIyQ2MiQ0NjEwMDIjNjEjJDEjJDQjJDgz,의료법인환명의료재단 조은금강병원,종합병원,35.2623213,128.8615328,"경상남도 김해시 김해대로 1814-37, (삼계동)",44,055-330-0300,건강보험심사평가원_병원정보서비스_v2
hospital:JDQ4MTYyMiM1MSMkMSMkNCMkODkkMzgxMzUxIzExIyQxIyQzIyQ4OSQ0NjE0ODEjNTEjJDEjJDYjJDgz,의산의료재단 강릉고려병원,종합병원,37.7590068,128.8998047,"강원특별자치도 강릉시 옥가로 30, (옥천동)",11,033-649-0100,건강보험심사평가원_병원정보서비스_v2
hospital:JDQ4MTg4MSM1MSMkMSMkMCMkODkkMzgxMzUxIzExIyQyIyQ3IyQwMCQzNjEyMjIjODEjJDEjJDYjJDgz,이화여자대학교의과대학부속서울병원,종합병원,37.5572629,126.8362668,"서울특별시 강서구 공항대로 260, 이화의대부속서울병원 (마곡동)",293,1522-7000,건강보험심사평가원_병원정보서비스_v2
hospital:JDQ4MTYyMiM2MSMkMSMkNiMkODkkMzgxMzUxIzExIyQxIyQzIyQ4OSQzNjEyMjIjODEjJDEjJDIjJDgz,익산병원,종합병원,35.9616504,126.9665158,"전북특별자치도 익산시 무왕로 969, (신동)",58,063-840-9114,건강보험심사평가원_병원정보서비스_v2
hospital:JDQ4MTYyMiM1MSMkMSMkMCMkODkkMzgxMzUxIzExIyQxIyQzIyQ4OSQ0NjEwMDIjODEjJDEjJDIjJDgz,인산의료재단 메트로병원,종합병원,37.3786666,126.9352309,"경기도 안양시 만안구 명학로33번길 8, (안양동, 메트로병원)",12,031-467-9000,건강보험심사평가원_병원정보서비스_v2
hospital:JDQ4MTg4MSM1MSMkMSMkMCMkODkkMzgxMzUxIzExIyQxIyQzIyQwMyQyNjEwMDIjODEjJDEjJDIjJDgz,인제대학교 상계백병원,종합병원,37.6485408,127.0629909,"서울특별시 노원구 동일로 1342, 상계백병원 (상계동)",239,02-950-1114,건강보험심사평가원_병원정보서비스_v2
hospital:JDQ4MTAxMiM1MSMkMSMkMCMkODkkMzgxMzUxIzExIyQxIyQzIyQ4MiQyNjE0ODEjODEjJDEjJDIjJDgz,인제대학교 해운대백병원,종합병원,35.173443,129.182013,"부산광역시 해운대구 해운대로 875, (좌동)",379,051-797-0100,건강보험심사평가원_병원정보서비스_v2
hospital:JDQ4MTYyMiM1MSMkMSMkMCMkODkkMzgxMzUxIzExIyQxIyQzIyQ4MiQzNjEwMDIjNDEjJDEjJDgjJDgz,인제대학교일산백병원,종합병원,37.6742736,126.7503802,"경기도 고양시 일산서구 주화로 170, (대화동)",262,031-910-7114,건강보험심사평가원_병원정보서비스_v2
hospital:JDQ4MTYyMiM1MSMkMSMkMCMkODkkMzgxMzUxIzExIyQxIyQzIyQ3OSQyNjEwMDIjNjEjJDEjJDQjJDgz,인천광역시의료원,종합병원,37.4787429,126.66875,"인천광역시 동구 방축로 217, 217",44,032-580-6000,건강보험심사평가원_병원정보서비스_v2
hospital:JDQ4MTYyMiM1MSMkMSMkMCMkODkkMzgxMzUxIzExIyQxIyQzIyQ3OSQyNjEyMjIjNTEjJDEjJDYjJDgz,인천기독병원,종합병원,37.4712156,126.6321218,"인천광역시 중구 답동로30번길 10, (율목동)",25,032-270-8000,건강보험심사평가원_병원정보서비스_v2
hospital:JDQ4MTYyMiM1MSMkMSMkMCMkODkkMzgxMzUxIzExIyQxIyQ3IyQ5OSQzNjEyMjIjNzEjJDEjJDgjJDgz,인천세종병원,종합병원,37.5324735,126.7368717,"인천광역시 계양구 계양문화로 20-0, 인천세종병원",108,032-240-8000,건강보험심사평가원_병원정보서비스_v2
hospital:JDQ4MTYyMiM1MSMkMSMkMCMkODkkMzgxMzUxIzExIyQxIyQ3IyQ2MiQ0NjE0ODEjODEjJDEjJDIjJDgz,인천적십자병원,종합병원,37.4184945,126.6896544,"인천광역시 연수구 원인재로 263, (연수동)",16,032-899-4000,건강보험심사평가원_병원정보서비스_v2
hospital:JDQ4MTYyMiM1MSMkMSMkMCMkODkkMzgxMzUxIzExIyQxIyQ3IyQ2MiQyNjEyMjIjODEjJDEjJDYjJDgz,인천힘찬종합병원,종합병원,37.4011109,126.7147129,"인천광역시 남동구 논현로 72-0, 인천힘찬종합병원",37,032-1899-2220,건강보험심사평가원_병원정보서비스_v2
hospital:JDQ4MTYyMiM2MSMkMSMkMiMkODkkMzgxMzUxIzExIyQxIyQzIyQ3OSQyNjEyMjIjNjEjJDEjJDAjJDgz,재단법인 아산사회복지재단 부속 보령아산병원,종합병원,36.3811282,126.6228522,"충청남도 보령시 죽성로 136,  (죽정동)",21,041-930-5114,건강보험심사평가원_병원정보서비스_v2
hospital:JDQ4MTYyMiM2MSMkMSMkNiMkODkkMzgxMzUxIzExIyQxIyQzIyQ3OSQyNjE4MzIjNjEjJDEjJDgjJDgz,재단법인 아산사회복지재단 정읍아산병원,종합병원,35.5888321,126.8234125,"전북특별자치도 정읍시 충정로 606-22, (용계동)",25,063-530-6000,건강보험심사평가원_병원정보서비스_v2
hospital:JDQ4MTYyMiM1MSMkMSMkOCMkODkkMzgxMzUxIzExIyQxIyQzIyQ5OSQzNjEwMDIjNDEjJDEjJDQjJDgz,재단법인베스티안재단베스티안병원,종합병원,36.6364294,127.3216409,"충청북도 청주시 흥덕구 오송읍 오송생명1로 191-0, (오송읍)",9,043-910-7575,건강보험심사평가원_병원정보서비스_v2
hospital:JDQ4MTg4MSM1MSMkMSMkMCMkODkkMzgxMzUxIzExIyQyIyQ3IyQwMCQzNjEwMDIjNDEjJDEjJDgjJDgz,재단법인베스티안재단베스티안서울병원,종합병원,37.5651103,127.0280199,"서울특별시 성동구 왕십리로 382, (하왕십리동)",9,02-3452-7575,건강보험심사평가원_병원정보서비스_v2
hospital:JDQ4MTYyMiM2MSMkMSMkNiMkODkkMzgxMzUxIzExIyQxIyQzIyQ3OSQyNjEyMjIjODEjJDEjJDIjJDgz,재단법인예수병원유지재단예수병원,종합병원,35.8143916,127.1332292,"전북특별자치도 전주시 완산구 서원로 365, (중화산동1가, 예수병원)",220,063-230-8114,건강보험심사평가원_병원정보서비스_v2
hospital:JDQ4MTAxMiM1MSMkMSMkMCMkODkkMzgxMzUxIzExIyQyIyQzIyQwMCQyNjE0ODEjNjEjJDEjJDgjJDgz,재단법인일신기독교선교회 일신기독병원,종합병원,35.135783,129.0543811,"부산광역시 동구 정공단로 27, (좌천동)",32,051-630-0300,건강보험심사평가원_병원정보서비스_v2
hospital:JDQ4MTAxMiM1MSMkMSMkMCMkODkkMzgxMzUxIzExIyQxIyQzIyQ3OSQyNjEwMDIjNTEjJDEjJDIjJDgz,재단법인천주교부산교구유지재단 메리놀병원,종합병원,35.1076838,129.0324148,"부산광역시 중구 중구로 121, (대청동4가)",83,051-465-8801,건강보험심사평가원_병원정보서비스_v2
hospital:JDQ4MTYyMiM3MSMkMSMkMCMkODkkMzgxMzUxIzExIyQxIyQzIyQ5OSQyNjE0ODEjNDEjJDEjJDQjJDgz,전라남도 강진의료원,종합병원,34.6368113,126.7578653,"전라남도 강진군 강진읍 탐진로 5, (강진읍)",19,061-433-2167,건강보험심사평가원_병원정보서비스_v2
hospital:JDQ4MTYyMiM3MSMkMSMkMCMkODkkMzgxMzUxIzExIyQxIyQzIyQxMyQzNjE4MzIjODEjJDEjJDIjJDgz,전라남도 순천의료원,종합병원,34.9579097,127.483468,"전라남도 순천시 서문성터길 2,  (매곡동)",21,061-759-9440,건강보험심사평가원_병원정보서비스_v2
hospital:JDQ4MTYyMiM2MSMkMSMkNiMkODkkMzgxMzUxIzExIyQxIyQzIyQ3OSQ0NjEwMDIjNjEjJDEjJDQjJDgz,전북특별자치도 군산의료원,종합병원,35.9549526,126.7117406,"전북특별자치도 군산시 의료원로 27, (지곡동, 군산의료원)",54,063-472-5000,건강보험심사평가원_병원정보서비스_v2
hospital:JDQ4MTYyMiM2MSMkMSMkNiMkODkkMzgxMzUxIzExIyQxIyQzIyQ3OSQ0NjE0ODEjNzEjJDEjJDgjJDgz,전북특별자치도 남원의료원,종합병원,35.4318755,127.4073171,"전북특별자치도 남원시 충정로 365, (고죽동)",37,063-620-1114,건강보험심사평가원_병원정보서비스_v2
hospital:JDQ4MTYyMiM2MSMkMSMkNiMkODkkMzgxMzUxIzExIyQxIyQzIyQ4OSQ0NjE0ODEjNjEjJDEjJDAjJDgz,전주고려병원,종합병원,35.8398807,127.1670378,"전북특별자치도 전주시 덕진구 안덕원로 367, (산정동)",11,063-240-7300,건강보험심사평가원_병원정보서비스_v2
hospital:JDQ4MTYyMiM2MSMkMSMkNiMkODkkMzgxMzUxIzExIyQyIyQzIyQwMCQyNjEwMDIjNDEjJDEjJDgjJDgz,정읍한국병원,종합병원,35.5843414,126.8515587,"전북특별자치도 정읍시 서부산업도로 425-12,  1동 (농소동,한국병원)",23,063-701-8000,건강보험심사평가원_병원정보서비스_v2
hospital:JDQ4MTYyMiM4MSMkMSMkNCMkODkkMzgxMzUxIzExIyQxIyQzIyQ3MiQzNjEwMDIjNDEjJDEjJDQjJDgz,제일병원,종합병원,35.1794722,128.0902544,"경상남도 진주시 진주대로 885, (강남동)",66,055-750-7123,건강보험심사평가원_병원정보서비스_v2
hospital:JDQ4MTYyMiM4MSMkMSMkOCMkODkkMzgxMzUxIzExIyQxIyQzIyQ4OSQyNjE0ODEjNTEjJDEjJDYjJDgz,제주대학교병원,종합병원,33.4671105,126.5452109,"제주특별자치도 제주시 아란13길 15-0,  0동 0층 0호 (아라일동,제주대학교병원)",228,064-717-1114,건강보험심사평가원_병원정보서비스_v2
hospital:JDQ4MTYyMiM4MSMkMSMkOCMkODkkMzgxMzUxIzExIyQxIyQzIyQ3OSQ0NjEwMDIjNDEjJDEjJDQjJDgz,제주특별자치도 서귀포의료원,종합병원,33.2555354,126.5639215,"제주특별자치도 서귀포시 장수로 47-0, 서귀포의료원",46,064-730-3000,건강보험심사평가원_병원정보서비스_v2
hospital:JDQ4MTYyMiM4MSMkMSMkOCMkODkkMzgxMzUxIzExIyQxIyQzIyQ3OSQyNjEyMjIjNTEjJDEjJDIjJDgz,제주한라병원,종합병원,33.4899609,126.4850403,"제주특별자치도 제주시 도령로 65,  (연동)",123,064-740-5000,건강보험심사평가원_병원정보서비스_v2
hospital:JDQ4MTAxMiM1MSMkMSMkMCMkODkkMzgxMzUxIzExIyQxIyQzIyQ3MiQzNjE0ODEjNTEjJDEjJDYjJDgz,좋은문화병원,종합병원,35.1408881,129.0590919,"부산광역시 동구 범일로 119, (범일동)",75,051-644-2002,건강보험심사평가원_병원정보서비스_v2
hospital:JDQ4MTYyMiM1MSMkMSMkMCMkODkkMzgxMzUxIzExIyQxIyQ3IyQ2MiQzNjE0ODEjNjEjJDEjJDQjJDgz,중앙대학교광명병원,종합병원,37.4245975,126.88591,"경기도 광명시 덕안로 110, (일직동)",197,1811-7800,건강보험심사평가원_병원정보서비스_v2
hospital:JDQ4MTg4MSM1MSMkMSMkMCMkODkkMzgxMzUxIzExIyQxIyQzIyQwMyQzNjE0ODEjNTEjJDEjJDIjJDgz,차의과학대학교 강남차병원,종합병원,37.5067005,127.0345427,"서울특별시 강남구 논현로 566, 강남차병원(역삼동650-9, 606-4, 605외2필지(지하7층~지하1층, 지상2층~7층)) (역삼동)",107,02-3468-3000,건강보험심사평가원_병원정보서비스_v2
hospital:JDQ4MTYyMiM4MSMkMSMkMCMkODkkMzgxMzUxIzExIyQyIyQzIyQwMCQzNjE0ODEjNTEjJDEjJDYjJDgz,차의과학대학교부속구미차병원,종합병원,36.1145324,128.3405414,"경상북도 구미시 신시로10길 12,  (형곡동)",78,054-450-9700,건강보험심사평가원_병원정보서비스_v2
hospital:JDQ4MTYyMiM1MSMkMSMkMCMkODkkMzgxMzUxIzExIyQxIyQzIyQ3MiQyNjEwMDIjNDEjJDEjJDgjJDgz,차의과학대학교분당차병원,종합병원,37.4102384,127.1254535,"경기도 성남시 분당구 야탑로 59, (야탑동)",503,031-780-5000,건강보험심사평가원_병원정보서비스_v2
hospital:JDQ4MTYyMiM1MSMkMSMkMCMkODkkMzgxMzUxIzExIyQxIyQ3IyQ5OSQzNjE0ODEjNDEjJDEjJDgjJDgz,참조은병원,종합병원,37.4109626,127.260254,"경기도 광주시 광주대로 45, (경안동)",69,1600-9955,건강보험심사평가원_병원정보서비스_v2
hospital:JDQ4MTYyMiM4MSMkMSMkNCMkODkkMzgxMzUxIzExIyQxIyQzIyQ4MiQyNjE4MzIjNDEjJDEjJDgjJDgz,창원경상국립대학교병원,종합병원,35.1990872,128.7078463,"경상남도 창원시 성산구 삼정자로 11, (성주동, 창원경상대학교병원)",161,055-214-2000,건강보험심사평가원_병원정보서비스_v2
hospital:JDQ4MTYyMiM4MSMkMSMkNCMkODkkMzgxMzUxIzExIyQxIyQzIyQ4OSQyNjEwMDIjODEjJDEjJDIjJDgz,창원파티마병원,종합병원,35.237293,128.645913,"경상남도 창원시 의창구 창이대로 45-45, (명서동)",107,055-270-1000,건강보험심사평가원_병원정보서비스_v2
hospital:JDQ4MTYyMiM4MSMkMSMkNCMkODkkMzgxMzUxIzExIyQxIyQzIyQ2MiQ0NjE0ODEjNzEjJDEjJDgjJDgz,창원한마음병원,종합병원,35.2379477,128.6990272,"경상남도 창원시 의창구 용동로57번길 8, (사림동)",112,055-225-0000,건강보험심사평가원_병원정보서비스_v2
hospital:JDQ4MTYyMiM3MSMkMSMkMCMkODkkMzgxMzUxIzExIyQxIyQzIyQ4MiQzNjE0ODEjNDEjJDEjJDgjJDgz,첨단종합병원,종합병원,35.2211088,126.8453041,"광주광역시 광산구 첨단중앙로170번길 59,  (쌍암동)",45,062-601-8000,건강보험심사평가원_병원정보서비스_v2
hospital:JDQ4MTYyMiM1MSMkMSMkOCMkODkkMzgxMzUxIzExIyQxIyQzIyQ4OSQzNjEyMjIjNDEjJDEjJDgjJDgz,청주성모병원,종합병원,36.6737973,127.4856545,"충청북도 청주시 청원구 주성로 173-19, 청주성모병원",70,043-219-8000,건강보험심사평가원_병원정보서비스_v2
hospital:JDQ4MTYyMiM1MSMkMSMkMCMkODkkMzgxMzUxIzExIyQyIyQ3IyQwMCQzNjE0ODEjODEjJDEjJDIjJDgz,추병원,종합병원,37.7497898,127.0450722,"경기도 의정부시 평화로 650, (의정부동)",36,031-845-7777,건강보험심사평가원_병원정보서비스_v2
hospital:JDQ4MTYyMiM2MSMkMSMkMiMkODkkMzgxMzUxIzExIyQxIyQzIyQ4OSQyNjE4MzIjNDEjJDEjJDQjJDgz,충청남도 공주의료원,종합병원,36.4588777,127.1094955,"충청남도 공주시 무령로 77,  (웅진동)",32,041-962-1111,건강보험심사평가원_병원정보서비스_v2
hospital:JDQ4MTYyMiM2MSMkMSMkMiMkODkkMzgxMzUxIzExIyQxIyQzIyQ4OSQzNjEyMjIjNjEjJDEjJDAjJDgz,충청남도 서산의료원,종합병원,36.7755835,126.4652578,"충청남도 서산시 중앙로 149,  (석림동)",39,041-689-7000,건강보험심사평가원_병원정보서비스_v2
hospital:JDQ4MTYyMiM2MSMkMSMkMiMkODkkMzgxMzUxIzExIyQxIyQzIyQ4OSQzNjEwMDIjNjEjJDEjJDgjJDgz,충청남도 천안의료원,종합병원,36.7754908,127.1794126,"충청남도 천안시 동남구 충절로 537,  (삼룡동)",34,041-570-7200,건강보험심사평가원_병원정보서비스_v2
hospital:JDQ4MTYyMiM2MSMkMSMkMiMkODkkMzgxMzUxIzExIyQxIyQzIyQ4OSQyNjEyMjIjNDEjJDEjJDgjJDgz,충청남도 홍성의료원,종합병원,36.5992203,126.6743787,"충청남도 홍성군 홍성읍 조양로 224, (홍성읍)",50,041-630-6114,건강보험심사평가원_병원정보서비스_v2
hospital:JDQ4MTYyMiM1MSMkMSMkOCMkODkkMzgxMzUxIzExIyQxIyQzIyQ3OSQyNjEwMDIjNTEjJDEjJDIjJDgz,충청북도 청주의료원,종합병원,36.6402026,127.4730326,"충청북도 청주시 서원구 흥덕로 48-0, 청주의료원",49,043-279-2300,건강보험심사평가원_병원정보서비스_v2
hospital:JDQ4MTYyMiM1MSMkMSMkOCMkODkkMzgxMzUxIzExIyQxIyQzIyQ3OSQzNjEyMjIjNTEjJDEjJDYjJDgz,충청북도 충주의료원,종합병원,36.9796506,127.9706116,"충청북도 충주시 안림로 239-50, 충청북도충주의료원",37,043-871-0114,건강보험심사평가원_병원정보서비스_v2
hospital:JDQ4MTYyMiM4MSMkMSMkMCMkODkkMzgxMzUxIzExIyQxIyQzIyQ3OSQzNjEyMjIjODEjJDEjJDIjJDgz,포항성모병원,종합병원,36.0159003,129.3399527,"경상북도 포항시 남구 대잠동길 17,  (대잠동)",111,054-272-0151,건강보험심사평가원_병원정보서비스_v2
hospital:JDQ4MTYyMiM3MSMkMSMkMCMkODkkMzgxMzUxIzExIyQyIyQzIyQwMCQzNjE0ODEjNDEjJDEjJDQjJDgz,하남성심병원,종합병원,35.1666556,126.8009586,"광주광역시 광산구 용아로 259,  (산정동)",25,062-953-6000,건강보험심사평가원_병원정보서비스_v2
hospital:JDQ4MTYyMiM2MSMkMSMkMiMkODkkMzgxMzUxIzExIyQxIyQzIyQ3OSQyNjE4MzIjNTEjJDEjJDIjJDgz,학교법인 가톨릭학원 가톨릭대학교 대전성모병원,종합병원,36.323042,127.4201629,"대전광역시 중구 대흥로 64, (대흥동)",195,042-220-9114,건강보험심사평가원_병원정보서비스_v2
hospital:JDQ4MTYyMiM2MSMkMSMkMiMkODkkMzgxMzUxIzExIyQxIyQzIyQ3OSQzNjE0ODEjNDEjJDEjJDgjJDgz,학교법인 을지학원 대전을지대학교병원,종합병원,36.3553098,127.3819888,"대전광역시 서구 둔산서로 95, (둔산동)",236,042-611-3000,건강보험심사평가원_병원정보서비스_v2
hospital:JDQ4MTYyMiM1MSMkMSMkMCMkODkkMzgxMzUxIzExIyQxIyQ3IyQ2MiQyNjEwMDIjNDEjJDEjJDgjJDgz,학교법인 을지학원 의정부을지대학교병원,종합병원,37.7518185,127.0506997,"경기도 의정부시 동일로 712, 을지대학교 의정부캠퍼스 및 부속병원 (금오동)",155,031-951-1000,건강보험심사평가원_병원정보서비스_v2
hospital:JDQ4MTAxMiM1MSMkMSMkMCMkODkkMzgxMzUxIzExIyQxIyQzIyQ5OSQzNjEyMjIjODEjJDEjJDIjJDgz,학교법인 춘해병원,종합병원,35.1469602,129.0583786,"부산광역시 부산진구 중앙대로 605, 지상1층~지상9층 (범천동)",25,051-638-8000,건강보험심사평가원_병원정보서비스_v2
hospital:JDQ4MTAxMiM1MSMkMSMkMCMkODkkMzgxMzUxIzExIyQxIyQzIyQ2MiQyNjEwMDIjNDEjJDEjJDgjJDgz,학교법인)동의병원,종합병원,35.1698202,129.076514,"부산광역시 부산진구 양정로 62, 지상2ㆍ3ㆍ10층 각 일부/ 지하1ㆍ지상1ㆍ지상4~지상8층 전층 (양정동)",74,051-867-5101,건강보험심사평가원_병원정보서비스_v2
hospital:JDQ4MTYyMiM4MSMkMSMkMCMkODkkMzgxMzUxIzExIyQxIyQzIyQ5OSQyNjEyMjIjNDEjJDEjJDQjJDgz,한국보훈복지의료공단 대구보훈병원,종합병원,35.8028206,128.5519785,"대구광역시 달서구 월곡로 60, (도원동)",49,053-630-7000,건강보험심사평가원_병원정보서비스_v2
hospital:JDQ4MTAxMiM1MSMkMSMkMCMkODkkMzgxMzUxIzExIyQxIyQzIyQ5OSQ0NjEwMDIjNTEjJDEjJDIjJDgz,한국보훈복지의료공단 부산보훈병원,종합병원,35.1533821,129.006575,"부산광역시 사상구 백양대로 420, (주례동)",70,051-601-6000,건강보험심사평가원_병원정보서비스_v2
hospital:JDQ4MTg4MSM1MSMkMSMkMCMkODkkMzgxMzUxIzExIyQxIyQzIyQ5OSQyNjE4MzIjNDEjJDEjJDgjJDgz,한국보훈복지의료공단 중앙보훈병원,종합병원,37.5303393,127.1478691,"서울특별시 강동구 진황도로61길 53, (둔촌동)",301,02-2225-1111,건강보험심사평가원_병원정보서비스_v2
hospital:JDQ4MTg4MSM1MSMkMSMkMCMkODkkMzgxMzUxIzExIyQxIyQ3IyQ5OSQ0NjEwMDIjNjEjJDEjJDgjJDgz,한국원자력의학원원자력병원,종합병원,37.6288667,127.0824198,"서울특별시 노원구 노원로 75, 한국원자력의학원 (공릉동)",150,02-970-2114,건강보험심사평가원_병원정보서비스_v2
hospital:JDQ4MTg4MSM1MSMkMSMkMCMkODkkMzgxMzUxIzExIyQyIyQzIyQwMCQyNjE0ODEjNTEjJDEjJDYjJDgz,한림대학교 강남성심병원,종합병원,37.4937262,126.9086527,"서울특별시 영등포구 신길로 1, (대림동, 강남성심병원)",256,02-829-5114,건강보험심사평가원_병원정보서비스_v2
hospital:JDQ4MTg4MSM1MSMkMSMkMCMkODkkMzgxMzUxIzExIyQxIyQzIyQ5OSQzNjEwMDIjNzEjJDEjJDgjJDgz,한림대학교 한강성심병원,종합병원,37.5231702,126.9096811,"서울특별시 영등포구 버드나루로7길 12, (영등포동7가, 한강성심병원)",22,02-2639-5114,건강보험심사평가원_병원정보서비스_v2
hospital:JDQ4MTYyMiM1MSMkMSMkMCMkODkkMzgxMzUxIzExIyQxIyQ3IyQ3OSQ0NjEwMDIjNzEjJDEjJDgjJDgz,한림대학교동탄성심병원,종합병원,37.2165141,127.0799502,"경기도 화성시 동탄구 큰재봉길 7, (석우동)",300,031-8086-3000,건강보험심사평가원_병원정보서비스_v2
hospital:JDQ4MTYyMiM1MSMkMSMkNCMkODkkMzgxMzUxIzExIyQxIyQzIyQ4OSQyNjEyMjIjNjEjJDEjJDAjJDgz,한림대학교춘천성심병원,종합병원,37.8840791,127.7399592,"강원특별자치도 춘천시 삭주로 77, 77",154,033-240-5000,건강보험심사평가원_병원정보서비스_v2
hospital:JDQ4MTYyMiM1MSMkMSMkMCMkODkkMzgxMzUxIzExIyQxIyQzIyQwMyQyNjE4MzIjNDEjJDEjJDQjJDgz,한림병원,종합병원,37.5320982,126.7343513,"인천광역시 계양구 장제로 722, (작전동)",87,032-540-9114,건강보험심사평가원_병원정보서비스_v2
hospital:JDQ4MTYyMiM4MSMkMSMkOCMkODkkMzgxMzUxIzExIyQxIyQzIyQ4OSQ0NjE0ODEjODEjJDEjJDYjJDgz,한마음병원,종합병원,33.4962868,126.5462386,"제주특별자치도 제주시 연신로 52, (이도이동)",36,064-750-9000,건강보험심사평가원_병원정보서비스_v2
hospital:JDQ4MTYyMiM1MSMkMSMkMCMkODkkMzgxMzUxIzExIyQxIyQzIyQ3MiQyNjE4MzIjODEjJDEjJDIjJDgz,한양대학교구리병원,종합병원,37.6012985,127.1324272,"경기도 구리시 경춘로 153, (교문동)",219,1644-9118,건강보험심사평가원_병원정보서비스_v2
hospital:JDQ4MTYyMiM4MSMkMSMkNCMkODkkMzgxMzUxIzExIyQxIyQzIyQ4MiQzNjEyMjIjNjEjJDEjJDQjJDgz,한일병원,종합병원,35.1669944,128.1285557,"경상남도 진주시 범골로 17, 한일병원 지하1 1~7층 (충무공동)",45,055-759-7777,건강보험심사평가원_병원정보서비스_v2
hospital:JDQ4MTYyMiM3MSMkMSMkMCMkODkkMzgxMzUxIzExIyQxIyQzIyQwMyQyNjE4MzIjODEjJDEjJDIjJDgz,해남우리종합병원,종합병원,34.584252,126.6465632,"전라남도 해남군 옥천면 해남로 597, (옥천면)",27,061-530-7000,건강보험심사평가원_병원정보서비스_v2
hospital:JDQ4MTYyMiM3MSMkMSMkMCMkODkkMzgxMzUxIzExIyQxIyQ3IyQ3OSQzNjE0ODEjNjEjJDEjJDAjJDgz,해피뷰병원,종합병원,35.1586417,126.906773,"광주광역시 북구 경열로 216-0, 해피뷰병원",19,062-519-9000,건강보험심사평가원_병원정보서비스_v2
hospital:JDQ4MTYyMiM1MSMkMSMkMCMkODkkMzgxMzUxIzExIyQxIyQ3IyQ3OSQyNjE0ODEjNTEjJDEjJDYjJDgz,현대병원,종합병원,37.7154268,127.179882,"경기도 남양주시 진접읍 봉현로 21, (진접읍)",86,031-574-9118,건강보험심사평가원_병원정보서비스_v2
hospital:JDQ4MTYyMiM1MSMkMSMkMCMkODkkMzgxMzUxIzExIyQxIyQ3IyQ4OSQzNjEyMjIjNDEjJDEjJDQjJDgz,현대유비스병원,종합병원,37.4615989,126.6429995,"인천광역시 미추홀구 독배로 503-0, 현대유비스병원",47,032-888-7575,건강보험심사평가원_병원정보서비스_v2
hospital:JDQ4MTg4MSM1MSMkMSMkMCMkODkkMzgxMzUxIzExIyQxIyQ3IyQ2MiQyNjEwMDIjNjEjJDEjJDQjJDgz,혜민병원,종합병원,37.5354079,127.0836246,"서울특별시 광진구 자양로 85, (자양동)",39,02-2049-9000,건강보험심사평가원_병원정보서비스_v2
hospital:JDQ4MTg4MSM1MSMkMSMkMCMkODkkMzgxMzUxIzExIyQxIyQzIyQxMyQyNjEyMjIjNTEjJDEjJDYjJDgz,홍익병원,종합병원,37.5284838,126.8636551,"서울특별시 양천구 목동로 225, 홍익병원본관 (신정동)",53,02-2693-5555,건강보험심사평가원_병원정보서비스_v2
hospital:JDQ4MTYyMiM1MSMkMSMkNCMkODkkMzgxMzUxIzExIyQxIyQzIyQ4OSQzNjE4MzIjNjEjJDEjJDQjJDgz,홍천아산병원,종합병원,37.6908303,127.8948538,"강원특별자치도 홍천군 홍천읍 산림공원1길 17, 17",11,033-430-5151,건강보험심사평가원_병원정보서비스_v2
hospital:JDQ4MTYyMiM1MSMkMSMkMCMkODkkMzgxMzUxIzExIyQxIyQ3IyQ3MiQyNjEwMDIjODEjJDEjJDIjJDgz,화성유일병원,종합병원,37.217785,126.8326549,"경기도 화성시 만세구 남양읍 남양로920번길 6, (남양읍)",21,031-355-0119,건강보험심사평가원_병원정보서비스_v2
hospital:JDQ4MTYyMiM1MSMkMSMkMCMkODkkMzgxMzUxIzExIyQxIyQzIyQ3MiQ0NjEwMDIjNzEjJDEjJDgjJDgz,효산의료재단 안양샘병원,종합병원,37.3935234,126.9243939,"경기도 안양시 만안구 삼덕로 9, (안양동, 안양샘병원)",96,031-467-9114,건강보험심사평가원_병원정보서비스_v2
hospital:JDQ4MTYyMiM1MSMkMSMkMCMkODkkMzgxMzUxIzExIyQxIyQ3IyQ4OSQyNjEyMjIjNzEjJDEjJDgjJDgz,효산의료재단 지샘병원,종합병원,37.358672,126.9473164,"경기도 군포시 군포로 591, (당동, (G샘병원)군포샘병원)",85,031-389-3000,건강보험심사평가원_병원정보서비스_v2
hospital:JDQ4MTg4MSM1MSMkMSMkMCMkODkkMzgxMzUxIzExIyQxIyQzIyQxMyQ0NjEwMDIjNDEjJDEjJDgjJDgz,희명병원,종합병원,37.4556869,126.9005836,"서울특별시 금천구 시흥대로 244, (시흥동)",25,02-804-0002,건강보험심사평가원_병원정보서비스_v2
